2026-10-01T14:59:09: [GIN-debug] [WARNING] Running in "debug" mode. Switch to "release" mode in production.
2026-10-01T14:59:09:  - using env:	export GIN_MODE=release
2026-10-01T14:59:09:  - using code:	gin.SetMode(gin.ReleaseMode)
2026-10-01T14:59:09: 
2026-10-01T14:59:09: [GIN-debug] GET    /health                   --> service-datahub/handlers.(*HealthHandler).HealthCheck-fm (4 handlers)
2026-10-01T14:59:09: [GIN-debug] GET    /                         --> service-datahub/handlers.(*HealthHandler).HealthCheck-fm (4 handlers)
2026-10-01T14:59:09: [GIN-debug] POST   /api/v2/acc/p2/login      --> service-datahub/handlers.(*AuthHandler).Login-fm (5 handlers)
2026-10-01T14:59:09: [GIN-debug] POST   /api/v2/acc/p2/loginApp   --> service-datahub/handlers.(*AuthHandler).Login-fm (5 handlers)
2026-10-01T14:59:09: [GIN-debug] POST   /api/v2/acc/p2/change-password --> service-datahub/handlers.(*AuthHandler).ChangePass-fm (5 handlers)
2026-10-01T14:59:09: [GIN-debug] POST   /api/v2/acc/p2/logout     --> service-datahub/handlers.(*AuthHandler).Logout-fm (5 handlers)
2026-10-01T14:59:09: [GIN-debug] POST   /api/v2/acc/UsersAuthA    --> service-datahub/handlers.(*AuthHandler).UsersAuthA-fm (5 handlers)
2026-10-01T14:59:09: [GIN-debug] POST   /api/v2/acc/UsersAuthU    --> service-datahub/handlers.(*AuthHandler).UsersAuthU-fm (5 handlers)
2026-10-01T14:59:09: [GIN-debug] POST   /api/v2/acc/UsersAuthD    --> service-datahub/handlers.(*AuthHandler).UsersAuthD-fm (5 handlers)
2026-10-01T14:59:09: [GIN-debug] POST   /api/v2/acc/UsersAuthQ    --> service-datahub/handlers.(*AuthHandler).UsersAuthQ-fm (5 handlers)
2026-10-01T14:59:09: [GIN-debug] POST   /api/v2/acc/UsersAuthUStatusAcc --> service-datahub/handlers.(*AuthHandler).UsersAuthUStatusAcc-fm (5 handlers)
2026-10-01T14:59:09: [GIN-debug] POST   /api/v2/acc/UPass2        --> service-datahub/handlers.(*AuthHandler).UpdatePasswords-fm (5 handlers)
2026-10-01T14:59:09: [GIN-debug] POST   /api/v2/role/RoleQ        --> service-datahub/handlers.(*AuthHandler).RoleQ-fm (5 handlers)
2026-10-01T14:59:09: [GIN-debug] POST   /api/v2/role/UserRoleQ    --> service-datahub/handlers.(*AuthHandler).UserRoleQ-fm (5 handlers)
2026-10-01T14:59:09: [GIN-debug] POST   /api/v2/role/UserRoleA    --> service-datahub/handlers.(*AuthHandler).UserRoleA-fm (5 handlers)
2026-10-01T14:59:09: [GIN-debug] POST   /api/v2/role/UserRoleU    --> service-datahub/handlers.(*AuthHandler).UserRoleU-fm (5 handlers)
2026-10-01T14:59:09: [GIN-debug] POST   /api/v2/role/UserRoleD    --> service-datahub/handlers.(*AuthHandler).UserRoleD-fm (5 handlers)
2026-10-01T14:59:09: [GIN-debug] POST   /api/v2/menu/MenuQ        --> service-datahub/handlers.(*AuthHandler).MenuQ-fm (5 handlers)
2026-10-01T14:59:09: [GIN-debug] POST   /api/v2/menu/RootMenuQ    --> service-datahub/handlers.(*AuthHandler).RootMenuQ-fm (5 handlers)
2026-10-01T14:59:09: [GIN-debug] POST   /api/v2/menu/root-menu-Q  --> service-datahub/handlers.(*AuthHandler).RootMenuQ-fm (5 handlers)
2026-10-01T14:59:09: [GIN-debug] POST   /api/v2/system-users/MenuQ --> service-datahub/handlers.(*AuthHandler).MenuQ-fm (5 handlers)
2026-10-01T14:59:09: [GIN-debug] POST   /api/v2/system-users/RootMenuQ --> service-datahub/handlers.(*AuthHandler).RootMenuQ-fm (5 handlers)
2026-10-01T14:59:09: [GIN-debug] POST   /api/v2/system-users/root-menu-Q --> service-datahub/handlers.(*AuthHandler).RootMenuQ-fm (5 handlers)
2026-10-01T14:59:09: [GIN-debug] POST   /api/v2/mssql/system-users/MenuQ --> service-datahub/handlers.(*AuthHandler).MenuQ-fm (5 handlers)
2026-10-01T14:59:09: [GIN-debug] POST   /api/v2/mssql/system-users/RootMenuQ --> service-datahub/handlers.(*AuthHandler).RootMenuQ-fm (5 handlers)
2026-10-01T14:59:09: [GIN-debug] POST   /api/v2/mssql/system-users/root-menu-Q --> service-datahub/handlers.(*AuthHandler).RootMenuQ-fm (5 handlers)
2026-10-01T14:59:09: [GIN-debug] POST   /api/v1/auth/login        --> service-datahub/handlers.(*AuthHandler).Login-fm (4 handlers)
2026-10-01T14:59:09: [GIN-debug] POST   /api/v1/auth/logout       --> service-datahub/handlers.(*AuthHandler).Logout-fm (4 handlers)
2026-10-01T14:59:09: [GIN-debug] POST   /api/v1/auth/session      --> service-datahub/handlers.(*LoginHandler).GetSession-fm (4 handlers)
2026-10-01T14:59:09: [GIN-debug] GET    /api/v1/auth/session      --> service-datahub/handlers.(*LoginHandler).GetSession-fm (4 handlers)
2026-10-01T14:59:09: [GIN-debug] GET    /api/v1/configs           --> service-datahub/handlers.(*ConfigHandler).GetAllConfigs-fm (4 handlers)
2026-10-01T14:59:09: [GIN-debug] POST   /api/v1/configs           --> service-datahub/handlers.(*ConfigHandler).SaveConfig-fm (4 handlers)
2026-10-01T14:59:09: [GIN-debug] POST   /api/v1/configs/all       --> service-datahub/handlers.(*ConfigHandler).GetAllConfigs-fm (4 handlers)
2026-10-01T14:59:09: [GIN-debug] POST   /api/v1/configs/save      --> service-datahub/handlers.(*ConfigHandler).SaveConfig-fm (4 handlers)
2026-10-01T14:59:09: [GIN-debug] POST   /api/v1/configs/get       --> service-datahub/handlers.(*ConfigHandler).GetConfigByKey-fm (4 handlers)
2026-10-01T14:59:09: [GIN-debug] GET    /api/v1/configs/:key      --> service-datahub/handlers.(*ConfigHandler).GetConfigByKey-fm (4 handlers)
2026-10-01T14:59:09: [GIN-debug] DELETE /api/v1/configs/:key      --> service-datahub/handlers.(*ConfigHandler).DeleteConfig-fm (4 handlers)
2026-10-01T14:59:09: [GIN-debug] POST   /api/v1/configs/delete    --> service-datahub/handlers.(*ConfigHandler).DeleteConfig-fm (4 handlers)
2026-10-01T14:59:09: [GIN-debug] POST   /api/v1/datahub/proxy     --> service-datahub/handlers.(*LoginHandler).ProxyForward-fm (4 handlers)
2026-10-01T14:59:09: [GIN-debug] GET    /api/v1/datahub/logs      --> service-datahub/handlers.(*LoginHandler).GetLogs-fm (4 handlers)
2026-10-01T14:59:09: [GIN-debug] POST   /api/v1/datahub/logs      --> service-datahub/handlers.(*LoginHandler).GetLogs-fm (4 handlers)
2026-10-01T14:59:09: [GIN-debug] POST   /api/v1/factories         --> service-datahub/handlers.(*FactoryHandler).GetFactories-fm (4 handlers)
2026-10-01T14:59:09: [GIN-debug] GET    /api/v1/factories         --> service-datahub/handlers.(*FactoryHandler).GetFactories-fm (4 handlers)
2026-10-01T14:59:09: [GIN-debug] POST   /api/v1/work-process      --> service-datahub/handlers.(*WorkProcessHandler).GetWorkProcess-fm (4 handlers)
2026-10-01T14:59:09: [GIN-debug] POST   /api/v1/work-process/query --> service-datahub/handlers.(*WorkProcessHandler).GetWorkProcess-fm (4 handlers)
2026-10-01T14:59:09: [GIN-debug] POST   /api/v1/work-process/factories --> service-datahub/handlers.(*FactoryHandler).GetFactories-fm (4 handlers)
2026-10-01T14:59:09: [GIN-debug] POST   /api/v1/work-process/by-doc --> service-datahub/handlers.(*WorkProcessHandler).GetWorkProcessByDocNo-fm (4 handlers)
2026-10-01T14:59:09: [GIN-debug] GET    /api/v1/work-process      --> service-datahub/handlers.(*WorkProcessHandler).GetWorkProcessByQuery-fm (4 handlers)
2026-10-01T14:59:09: [GIN-debug] GET    /api/v1/work-process/factories --> service-datahub/handlers.(*FactoryHandler).GetFactories-fm (4 handlers)
2026-10-01T14:59:09: [GIN-debug] GET    /api/v1/work-process/:doc_no --> service-datahub/handlers.(*WorkProcessHandler).GetWorkProcessByDocNo-fm (4 handlers)
2026-10-01T14:59:09: [GIN-debug] POST   /api/v1/order-settlement  --> service-datahub/handlers.(*OrderSettlementHandler).GetOrderSettlement-fm (4 handlers)
2026-10-01T14:59:09: [GIN-debug] POST   /api/v1/order-settlement/query --> service-datahub/handlers.(*OrderSettlementHandler).GetOrderSettlement-fm (4 handlers)
2026-10-01T14:59:09: [GIN-debug] GET    /api/v1/order-settlement  --> service-datahub/handlers.(*OrderSettlementHandler).GetOrderSettlement-fm (4 handlers)
2026-10-01T14:59:09: [GIN-debug] POST   /api/v1/lenh-cong-doan    --> service-datahub/handlers.(*WorkProcessHandler).GetWorkProcess-fm (4 handlers)
2026-10-01T14:59:09: [GIN-debug] POST   /api/v1/lenh-cong-doan/query --> service-datahub/handlers.(*WorkProcessHandler).GetWorkProcess-fm (4 handlers)
2026-10-01T14:59:09: [GIN-debug] POST   /api/v1/lenh-cong-doan/factories --> service-datahub/handlers.(*FactoryHandler).GetFactories-fm (4 handlers)
2026-10-01T14:59:09: [GIN-debug] POST   /api/v1/lenh-cong-doan/by-doc --> service-datahub/handlers.(*WorkProcessHandler).GetWorkProcessByDocNo-fm (4 handlers)
2026-10-01T14:59:09: [GIN-debug] GET    /api/v1/lenh-cong-doan    --> service-datahub/handlers.(*WorkProcessHandler).GetWorkProcessByQuery-fm (4 handlers)
2026-10-01T14:59:09: [GIN-debug] GET    /api/v1/lenh-cong-doan/factories --> service-datahub/handlers.(*FactoryHandler).GetFactories-fm (4 handlers)
2026-10-01T14:59:09: [GIN-debug] GET    /api/v1/lenh-cong-doan/:doc_no --> service-datahub/handlers.(*WorkProcessHandler).GetWorkProcessByDocNo-fm (4 handlers)
2026-10-01T14:59:09: [GIN-debug] POST   /api/v1/quyet-toan-lenh   --> service-datahub/handlers.(*OrderSettlementHandler).GetOrderSettlement-fm (4 handlers)
2026-10-01T14:59:09: [GIN-debug] POST   /api/v1/quyet-toan-lenh/query --> service-datahub/handlers.(*OrderSettlementHandler).GetOrderSettlement-fm (4 handlers)
2026-10-01T14:59:09: [GIN-debug] GET    /api/v1/quyet-toan-lenh   --> service-datahub/handlers.(*OrderSettlementHandler).GetOrderSettlement-fm (4 handlers)
2026-10-01T14:59:12: [GIN-debug] [WARNING] Running in "debug" mode. Switch to "release" mode in production.
2026-10-01T14:59:12:  - using env:	export GIN_MODE=release
2026-10-01T14:59:12:  - using code:	gin.SetMode(gin.ReleaseMode)
2026-10-01T14:59:12: 
2026-10-01T14:59:12: [GIN-debug] GET    /health                   --> service-datahub/handlers.(*HealthHandler).HealthCheck-fm (4 handlers)
2026-10-01T14:59:12: [GIN-debug] GET    /                         --> service-datahub/handlers.(*HealthHandler).HealthCheck-fm (4 handlers)
2026-10-01T14:59:12: [GIN-debug] POST   /api/v2/acc/p2/login      --> service-datahub/handlers.(*AuthHandler).Login-fm (5 handlers)
2026-10-01T14:59:12: [GIN-debug] POST   /api/v2/acc/p2/loginApp   --> service-datahub/handlers.(*AuthHandler).Login-fm (5 handlers)
2026-10-01T14:59:12: [GIN-debug] POST   /api/v2/acc/p2/change-password --> service-datahub/handlers.(*AuthHandler).ChangePass-fm (5 handlers)
2026-10-01T14:59:12: [GIN-debug] POST   /api/v2/acc/p2/logout     --> service-datahub/handlers.(*AuthHandler).Logout-fm (5 handlers)
2026-10-01T14:59:12: [GIN-debug] POST   /api/v2/acc/UsersAuthA    --> service-datahub/handlers.(*AuthHandler).UsersAuthA-fm (5 handlers)
2026-10-01T14:59:12: [GIN-debug] POST   /api/v2/acc/UsersAuthU    --> service-datahub/handlers.(*AuthHandler).UsersAuthU-fm (5 handlers)
2026-10-01T14:59:12: [GIN-debug] POST   /api/v2/acc/UsersAuthD    --> service-datahub/handlers.(*AuthHandler).UsersAuthD-fm (5 handlers)
2026-10-01T14:59:12: [GIN-debug] POST   /api/v2/acc/UsersAuthQ    --> service-datahub/handlers.(*AuthHandler).UsersAuthQ-fm (5 handlers)
2026-10-01T14:59:12: [GIN-debug] POST   /api/v2/acc/UsersAuthUStatusAcc --> service-datahub/handlers.(*AuthHandler).UsersAuthUStatusAcc-fm (5 handlers)
2026-10-01T14:59:12: [GIN-debug] POST   /api/v2/acc/UPass2        --> service-datahub/handlers.(*AuthHandler).UpdatePasswords-fm (5 handlers)
2026-10-01T14:59:12: [GIN-debug] POST   /api/v2/role/RoleQ        --> service-datahub/handlers.(*AuthHandler).RoleQ-fm (5 handlers)
2026-10-01T14:59:12: [GIN-debug] POST   /api/v2/role/UserRoleQ    --> service-datahub/handlers.(*AuthHandler).UserRoleQ-fm (5 handlers)
2026-10-01T14:59:12: [GIN-debug] POST   /api/v2/role/UserRoleA    --> service-datahub/handlers.(*AuthHandler).UserRoleA-fm (5 handlers)
2026-10-01T14:59:12: [GIN-debug] POST   /api/v2/role/UserRoleU    --> service-datahub/handlers.(*AuthHandler).UserRoleU-fm (5 handlers)
2026-10-01T14:59:12: [GIN-debug] POST   /api/v2/role/UserRoleD    --> service-datahub/handlers.(*AuthHandler).UserRoleD-fm (5 handlers)
2026-10-01T14:59:12: [GIN-debug] POST   /api/v2/menu/MenuQ        --> service-datahub/handlers.(*AuthHandler).MenuQ-fm (5 handlers)
2026-10-01T14:59:12: [GIN-debug] POST   /api/v2/menu/RootMenuQ    --> service-datahub/handlers.(*AuthHandler).RootMenuQ-fm (5 handlers)
2026-10-01T14:59:12: [GIN-debug] POST   /api/v2/menu/root-menu-Q  --> service-datahub/handlers.(*AuthHandler).RootMenuQ-fm (5 handlers)
2026-10-01T14:59:12: [GIN-debug] POST   /api/v2/system-users/MenuQ --> service-datahub/handlers.(*AuthHandler).MenuQ-fm (5 handlers)
2026-10-01T14:59:12: [GIN-debug] POST   /api/v2/system-users/RootMenuQ --> service-datahub/handlers.(*AuthHandler).RootMenuQ-fm (5 handlers)
2026-10-01T14:59:12: [GIN-debug] POST   /api/v2/system-users/root-menu-Q --> service-datahub/handlers.(*AuthHandler).RootMenuQ-fm (5 handlers)
2026-10-01T14:59:12: [GIN-debug] POST   /api/v2/mssql/system-users/MenuQ --> service-datahub/handlers.(*AuthHandler).MenuQ-fm (5 handlers)
2026-10-01T14:59:12: [GIN-debug] POST   /api/v2/mssql/system-users/RootMenuQ --> service-datahub/handlers.(*AuthHandler).RootMenuQ-fm (5 handlers)
2026-10-01T14:59:12: [GIN-debug] POST   /api/v2/mssql/system-users/root-menu-Q --> service-datahub/handlers.(*AuthHandler).RootMenuQ-fm (5 handlers)
2026-10-01T14:59:12: [GIN-debug] POST   /api/v1/auth/login        --> service-datahub/handlers.(*AuthHandler).Login-fm (4 handlers)
2026-10-01T14:59:12: [GIN-debug] POST   /api/v1/auth/logout       --> service-datahub/handlers.(*AuthHandler).Logout-fm (4 handlers)
2026-10-01T14:59:12: [GIN-debug] POST   /api/v1/auth/session      --> service-datahub/handlers.(*LoginHandler).GetSession-fm (4 handlers)
2026-10-01T14:59:12: [GIN-debug] GET    /api/v1/auth/session      --> service-datahub/handlers.(*LoginHandler).GetSession-fm (4 handlers)
2026-10-01T14:59:12: [GIN-debug] GET    /api/v1/configs           --> service-datahub/handlers.(*ConfigHandler).GetAllConfigs-fm (4 handlers)
2026-10-01T14:59:12: [GIN-debug] POST   /api/v1/configs           --> service-datahub/handlers.(*ConfigHandler).SaveConfig-fm (4 handlers)
2026-10-01T14:59:12: [GIN-debug] POST   /api/v1/configs/all       --> service-datahub/handlers.(*ConfigHandler).GetAllConfigs-fm (4 handlers)
2026-10-01T14:59:12: [GIN-debug] POST   /api/v1/configs/save      --> service-datahub/handlers.(*ConfigHandler).SaveConfig-fm (4 handlers)
2026-10-01T14:59:12: [GIN-debug] POST   /api/v1/configs/get       --> service-datahub/handlers.(*ConfigHandler).GetConfigByKey-fm (4 handlers)
2026-10-01T14:59:12: [GIN-debug] GET    /api/v1/configs/:key      --> service-datahub/handlers.(*ConfigHandler).GetConfigByKey-fm (4 handlers)
2026-10-01T14:59:12: [GIN-debug] DELETE /api/v1/configs/:key      --> service-datahub/handlers.(*ConfigHandler).DeleteConfig-fm (4 handlers)
2026-10-01T14:59:12: [GIN-debug] POST   /api/v1/configs/delete    --> service-datahub/handlers.(*ConfigHandler).DeleteConfig-fm (4 handlers)
2026-10-01T14:59:12: [GIN-debug] POST   /api/v1/datahub/proxy     --> service-datahub/handlers.(*LoginHandler).ProxyForward-fm (4 handlers)
2026-10-01T14:59:12: [GIN-debug] GET    /api/v1/datahub/logs      --> service-datahub/handlers.(*LoginHandler).GetLogs-fm (4 handlers)
2026-10-01T14:59:12: [GIN-debug] POST   /api/v1/datahub/logs      --> service-datahub/handlers.(*LoginHandler).GetLogs-fm (4 handlers)
2026-10-01T14:59:12: [GIN-debug] POST   /api/v1/factories         --> service-datahub/handlers.(*FactoryHandler).GetFactories-fm (4 handlers)
2026-10-01T14:59:12: [GIN-debug] GET    /api/v1/factories         --> service-datahub/handlers.(*FactoryHandler).GetFactories-fm (4 handlers)
2026-10-01T14:59:12: [GIN-debug] POST   /api/v1/work-process      --> service-datahub/handlers.(*WorkProcessHandler).GetWorkProcess-fm (4 handlers)
2026-10-01T14:59:12: [GIN-debug] POST   /api/v1/work-process/query --> service-datahub/handlers.(*WorkProcessHandler).GetWorkProcess-fm (4 handlers)
2026-10-01T14:59:12: [GIN-debug] POST   /api/v1/work-process/factories --> service-datahub/handlers.(*FactoryHandler).GetFactories-fm (4 handlers)
2026-10-01T14:59:12: [GIN-debug] POST   /api/v1/work-process/by-doc --> service-datahub/handlers.(*WorkProcessHandler).GetWorkProcessByDocNo-fm (4 handlers)
2026-10-01T14:59:12: [GIN-debug] GET    /api/v1/work-process      --> service-datahub/handlers.(*WorkProcessHandler).GetWorkProcessByQuery-fm (4 handlers)
2026-10-01T14:59:12: [GIN-debug] GET    /api/v1/work-process/factories --> service-datahub/handlers.(*FactoryHandler).GetFactories-fm (4 handlers)
2026-10-01T14:59:12: [GIN-debug] GET    /api/v1/work-process/:doc_no --> service-datahub/handlers.(*WorkProcessHandler).GetWorkProcessByDocNo-fm (4 handlers)
2026-10-01T14:59:12: [GIN-debug] POST   /api/v1/order-settlement  --> service-datahub/handlers.(*OrderSettlementHandler).GetOrderSettlement-fm (4 handlers)
2026-10-01T14:59:12: [GIN-debug] POST   /api/v1/order-settlement/query --> service-datahub/handlers.(*OrderSettlementHandler).GetOrderSettlement-fm (4 handlers)
2026-10-01T14:59:12: [GIN-debug] GET    /api/v1/order-settlement  --> service-datahub/handlers.(*OrderSettlementHandler).GetOrderSettlement-fm (4 handlers)
2026-10-01T14:59:12: [GIN-debug] POST   /api/v1/lenh-cong-doan    --> service-datahub/handlers.(*WorkProcessHandler).GetWorkProcess-fm (4 handlers)
2026-10-01T14:59:12: [GIN-debug] POST   /api/v1/lenh-cong-doan/query --> service-datahub/handlers.(*WorkProcessHandler).GetWorkProcess-fm (4 handlers)
2026-10-01T14:59:12: [GIN-debug] POST   /api/v1/lenh-cong-doan/factories --> service-datahub/handlers.(*FactoryHandler).GetFactories-fm (4 handlers)
2026-10-01T14:59:12: [GIN-debug] POST   /api/v1/lenh-cong-doan/by-doc --> service-datahub/handlers.(*WorkProcessHandler).GetWorkProcessByDocNo-fm (4 handlers)
2026-10-01T14:59:12: [GIN-debug] GET    /api/v1/lenh-cong-doan    --> service-datahub/handlers.(*WorkProcessHandler).GetWorkProcessByQuery-fm (4 handlers)
2026-10-01T14:59:12: [GIN-debug] GET    /api/v1/lenh-cong-doan/factories --> service-datahub/handlers.(*FactoryHandler).GetFactories-fm (4 handlers)
2026-10-01T14:59:12: [GIN-debug] GET    /api/v1/lenh-cong-doan/:doc_no --> service-datahub/handlers.(*WorkProcessHandler).GetWorkProcessByDocNo-fm (4 handlers)
2026-10-01T14:59:12: [GIN-debug] POST   /api/v1/quyet-toan-lenh   --> service-datahub/handlers.(*OrderSettlementHandler).GetOrderSettlement-fm (4 handlers)
2026-10-01T14:59:12: [GIN-debug] POST   /api/v1/quyet-toan-lenh/query --> service-datahub/handlers.(*OrderSettlementHandler).GetOrderSettlement-fm (4 handlers)
2026-10-01T14:59:12: [GIN-debug] GET    /api/v1/quyet-toan-lenh   --> service-datahub/handlers.(*OrderSettlementHandler).GetOrderSettlement-fm (4 handlers)
2026-10-01T14:59:16: [GIN-debug] [WARNING] Running in "debug" mode. Switch to "release" mode in production.
2026-10-01T14:59:16:  - using env:	export GIN_MODE=release
2026-10-01T14:59:16:  - using code:	gin.SetMode(gin.ReleaseMode)
2026-10-01T14:59:16: 
2026-10-01T14:59:16: [GIN-debug] GET    /health                   --> service-datahub/handlers.(*HealthHandler).HealthCheck-fm (4 handlers)
2026-10-01T14:59:16: [GIN-debug] GET    /                         --> service-datahub/handlers.(*HealthHandler).HealthCheck-fm (4 handlers)
2026-10-01T14:59:16: [GIN-debug] POST   /api/v2/acc/p2/login      --> service-datahub/handlers.(*AuthHandler).Login-fm (5 handlers)
2026-10-01T14:59:16: [GIN-debug] POST   /api/v2/acc/p2/loginApp   --> service-datahub/handlers.(*AuthHandler).Login-fm (5 handlers)
2026-10-01T14:59:16: [GIN-debug] POST   /api/v2/acc/p2/change-password --> service-datahub/handlers.(*AuthHandler).ChangePass-fm (5 handlers)
2026-10-01T14:59:16: [GIN-debug] POST   /api/v2/acc/p2/logout     --> service-datahub/handlers.(*AuthHandler).Logout-fm (5 handlers)
2026-10-01T14:59:16: [GIN-debug] POST   /api/v2/acc/UsersAuthA    --> service-datahub/handlers.(*AuthHandler).UsersAuthA-fm (5 handlers)
2026-10-01T14:59:16: [GIN-debug] POST   /api/v2/acc/UsersAuthU    --> service-datahub/handlers.(*AuthHandler).UsersAuthU-fm (5 handlers)
2026-10-01T14:59:16: [GIN-debug] POST   /api/v2/acc/UsersAuthD    --> service-datahub/handlers.(*AuthHandler).UsersAuthD-fm (5 handlers)
2026-10-01T14:59:16: [GIN-debug] POST   /api/v2/acc/UsersAuthQ    --> service-datahub/handlers.(*AuthHandler).UsersAuthQ-fm (5 handlers)
2026-10-01T14:59:16: [GIN-debug] POST   /api/v2/acc/UsersAuthUStatusAcc --> service-datahub/handlers.(*AuthHandler).UsersAuthUStatusAcc-fm (5 handlers)
2026-10-01T14:59:16: [GIN-debug] POST   /api/v2/acc/UPass2        --> service-datahub/handlers.(*AuthHandler).UpdatePasswords-fm (5 handlers)
2026-10-01T14:59:16: [GIN-debug] POST   /api/v2/role/RoleQ        --> service-datahub/handlers.(*AuthHandler).RoleQ-fm (5 handlers)
2026-10-01T14:59:16: [GIN-debug] POST   /api/v2/role/UserRoleQ    --> service-datahub/handlers.(*AuthHandler).UserRoleQ-fm (5 handlers)
2026-10-01T14:59:16: [GIN-debug] POST   /api/v2/role/UserRoleA    --> service-datahub/handlers.(*AuthHandler).UserRoleA-fm (5 handlers)
2026-10-01T14:59:16: [GIN-debug] POST   /api/v2/role/UserRoleU    --> service-datahub/handlers.(*AuthHandler).UserRoleU-fm (5 handlers)
2026-10-01T14:59:16: [GIN-debug] POST   /api/v2/role/UserRoleD    --> service-datahub/handlers.(*AuthHandler).UserRoleD-fm (5 handlers)
2026-10-01T14:59:16: [GIN-debug] POST   /api/v2/menu/MenuQ        --> service-datahub/handlers.(*AuthHandler).MenuQ-fm (5 handlers)
2026-10-01T14:59:16: [GIN-debug] POST   /api/v2/menu/RootMenuQ    --> service-datahub/handlers.(*AuthHandler).RootMenuQ-fm (5 handlers)
2026-10-01T14:59:16: [GIN-debug] POST   /api/v2/menu/root-menu-Q  --> service-datahub/handlers.(*AuthHandler).RootMenuQ-fm (5 handlers)
2026-10-01T14:59:16: [GIN-debug] POST   /api/v2/system-users/MenuQ --> service-datahub/handlers.(*AuthHandler).MenuQ-fm (5 handlers)
2026-10-01T14:59:16: [GIN-debug] POST   /api/v2/system-users/RootMenuQ --> service-datahub/handlers.(*AuthHandler).RootMenuQ-fm (5 handlers)
2026-10-01T14:59:16: [GIN-debug] POST   /api/v2/system-users/root-menu-Q --> service-datahub/handlers.(*AuthHandler).RootMenuQ-fm (5 handlers)
2026-10-01T14:59:16: [GIN-debug] POST   /api/v2/mssql/system-users/MenuQ --> service-datahub/handlers.(*AuthHandler).MenuQ-fm (5 handlers)
2026-10-01T14:59:16: [GIN-debug] POST   /api/v2/mssql/system-users/RootMenuQ --> service-datahub/handlers.(*AuthHandler).RootMenuQ-fm (5 handlers)
2026-10-01T14:59:16: [GIN-debug] POST   /api/v2/mssql/system-users/root-menu-Q --> service-datahub/handlers.(*AuthHandler).RootMenuQ-fm (5 handlers)
2026-10-01T14:59:16: [GIN-debug] POST   /api/v1/auth/login        --> service-datahub/handlers.(*AuthHandler).Login-fm (4 handlers)
2026-10-01T14:59:16: [GIN-debug] POST   /api/v1/auth/logout       --> service-datahub/handlers.(*AuthHandler).Logout-fm (4 handlers)
2026-10-01T14:59:16: [GIN-debug] POST   /api/v1/auth/session      --> service-datahub/handlers.(*LoginHandler).GetSession-fm (4 handlers)
2026-10-01T14:59:16: [GIN-debug] GET    /api/v1/auth/session      --> service-datahub/handlers.(*LoginHandler).GetSession-fm (4 handlers)
2026-10-01T14:59:16: [GIN-debug] GET    /api/v1/configs           --> service-datahub/handlers.(*ConfigHandler).GetAllConfigs-fm (4 handlers)
2026-10-01T14:59:16: [GIN-debug] POST   /api/v1/configs           --> service-datahub/handlers.(*ConfigHandler).SaveConfig-fm (4 handlers)
2026-10-01T14:59:16: [GIN-debug] POST   /api/v1/configs/all       --> service-datahub/handlers.(*ConfigHandler).GetAllConfigs-fm (4 handlers)
2026-10-01T14:59:16: [GIN-debug] POST   /api/v1/configs/save      --> service-datahub/handlers.(*ConfigHandler).SaveConfig-fm (4 handlers)
2026-10-01T14:59:16: [GIN-debug] POST   /api/v1/configs/get       --> service-datahub/handlers.(*ConfigHandler).GetConfigByKey-fm (4 handlers)
2026-10-01T14:59:16: [GIN-debug] GET    /api/v1/configs/:key      --> service-datahub/handlers.(*ConfigHandler).GetConfigByKey-fm (4 handlers)
2026-10-01T14:59:16: [GIN-debug] DELETE /api/v1/configs/:key      --> service-datahub/handlers.(*ConfigHandler).DeleteConfig-fm (4 handlers)
2026-10-01T14:59:16: [GIN-debug] POST   /api/v1/configs/delete    --> service-datahub/handlers.(*ConfigHandler).DeleteConfig-fm (4 handlers)
2026-10-01T14:59:16: [GIN-debug] POST   /api/v1/datahub/proxy     --> service-datahub/handlers.(*LoginHandler).ProxyForward-fm (4 handlers)
2026-10-01T14:59:16: [GIN-debug] GET    /api/v1/datahub/logs      --> service-datahub/handlers.(*LoginHandler).GetLogs-fm (4 handlers)
2026-10-01T14:59:16: [GIN-debug] POST   /api/v1/datahub/logs      --> service-datahub/handlers.(*LoginHandler).GetLogs-fm (4 handlers)
2026-10-01T14:59:16: [GIN-debug] POST   /api/v1/factories         --> service-datahub/handlers.(*FactoryHandler).GetFactories-fm (4 handlers)
2026-10-01T14:59:16: [GIN-debug] GET    /api/v1/factories         --> service-datahub/handlers.(*FactoryHandler).GetFactories-fm (4 handlers)
2026-10-01T14:59:16: [GIN-debug] POST   /api/v1/work-process      --> service-datahub/handlers.(*WorkProcessHandler).GetWorkProcess-fm (4 handlers)
2026-10-01T14:59:16: [GIN-debug] POST   /api/v1/work-process/query --> service-datahub/handlers.(*WorkProcessHandler).GetWorkProcess-fm (4 handlers)
2026-10-01T14:59:16: [GIN-debug] POST   /api/v1/work-process/factories --> service-datahub/handlers.(*FactoryHandler).GetFactories-fm (4 handlers)
2026-10-01T14:59:16: [GIN-debug] POST   /api/v1/work-process/by-doc --> service-datahub/handlers.(*WorkProcessHandler).GetWorkProcessByDocNo-fm (4 handlers)
2026-10-01T14:59:16: [GIN-debug] GET    /api/v1/work-process      --> service-datahub/handlers.(*WorkProcessHandler).GetWorkProcessByQuery-fm (4 handlers)
2026-10-01T14:59:16: [GIN-debug] GET    /api/v1/work-process/factories --> service-datahub/handlers.(*FactoryHandler).GetFactories-fm (4 handlers)
2026-10-01T14:59:16: [GIN-debug] GET    /api/v1/work-process/:doc_no --> service-datahub/handlers.(*WorkProcessHandler).GetWorkProcessByDocNo-fm (4 handlers)
2026-10-01T14:59:16: [GIN-debug] POST   /api/v1/order-settlement  --> service-datahub/handlers.(*OrderSettlementHandler).GetOrderSettlement-fm (4 handlers)
2026-10-01T14:59:16: [GIN-debug] POST   /api/v1/order-settlement/query --> service-datahub/handlers.(*OrderSettlementHandler).GetOrderSettlement-fm (4 handlers)
2026-10-01T14:59:16: [GIN-debug] GET    /api/v1/order-settlement  --> service-datahub/handlers.(*OrderSettlementHandler).GetOrderSettlement-fm (4 handlers)
2026-10-01T14:59:16: [GIN-debug] POST   /api/v1/lenh-cong-doan    --> service-datahub/handlers.(*WorkProcessHandler).GetWorkProcess-fm (4 handlers)
2026-10-01T14:59:16: [GIN-debug] POST   /api/v1/lenh-cong-doan/query --> service-datahub/handlers.(*WorkProcessHandler).GetWorkProcess-fm (4 handlers)
2026-10-01T14:59:16: [GIN-debug] POST   /api/v1/lenh-cong-doan/factories --> service-datahub/handlers.(*FactoryHandler).GetFactories-fm (4 handlers)
2026-10-01T14:59:16: [GIN-debug] POST   /api/v1/lenh-cong-doan/by-doc --> service-datahub/handlers.(*WorkProcessHandler).GetWorkProcessByDocNo-fm (4 handlers)
2026-10-01T14:59:16: [GIN-debug] GET    /api/v1/lenh-cong-doan    --> service-datahub/handlers.(*WorkProcessHandler).GetWorkProcessByQuery-fm (4 handlers)
2026-10-01T14:59:16: [GIN-debug] GET    /api/v1/lenh-cong-doan/factories --> service-datahub/handlers.(*FactoryHandler).GetFactories-fm (4 handlers)
2026-10-01T14:59:16: [GIN-debug] GET    /api/v1/lenh-cong-doan/:doc_no --> service-datahub/handlers.(*WorkProcessHandler).GetWorkProcessByDocNo-fm (4 handlers)
2026-10-01T14:59:16: [GIN-debug] POST   /api/v1/quyet-toan-lenh   --> service-datahub/handlers.(*OrderSettlementHandler).GetOrderSettlement-fm (4 handlers)
2026-10-01T14:59:16: [GIN-debug] POST   /api/v1/quyet-toan-lenh/query --> service-datahub/handlers.(*OrderSettlementHandler).GetOrderSettlement-fm (4 handlers)
2026-10-01T14:59:16: [GIN-debug] GET    /api/v1/quyet-toan-lenh   --> service-datahub/handlers.(*OrderSettlementHandler).GetOrderSettlement-fm (4 handlers)
2026-10-01T14:59:19: [GIN-debug] [WARNING] Running in "debug" mode. Switch to "release" mode in production.
2026-10-01T14:59:19:  - using env:	export GIN_MODE=release
2026-10-01T14:59:19:  - using code:	gin.SetMode(gin.ReleaseMode)
2026-10-01T14:59:19: 
2026-10-01T14:59:19: [GIN-debug] GET    /health                   --> service-datahub/handlers.(*HealthHandler).HealthCheck-fm (4 handlers)
2026-10-01T14:59:19: [GIN-debug] GET    /                         --> service-datahub/handlers.(*HealthHandler).HealthCheck-fm (4 handlers)
2026-10-01T14:59:19: [GIN-debug] POST   /api/v2/acc/p2/login      --> service-datahub/handlers.(*AuthHandler).Login-fm (5 handlers)
2026-10-01T14:59:19: [GIN-debug] POST   /api/v2/acc/p2/loginApp   --> service-datahub/handlers.(*AuthHandler).Login-fm (5 handlers)
2026-10-01T14:59:19: [GIN-debug] POST   /api/v2/acc/p2/change-password --> service-datahub/handlers.(*AuthHandler).ChangePass-fm (5 handlers)
2026-10-01T14:59:19: [GIN-debug] POST   /api/v2/acc/p2/logout     --> service-datahub/handlers.(*AuthHandler).Logout-fm (5 handlers)
2026-10-01T14:59:19: [GIN-debug] POST   /api/v2/acc/UsersAuthA    --> service-datahub/handlers.(*AuthHandler).UsersAuthA-fm (5 handlers)
2026-10-01T14:59:19: [GIN-debug] POST   /api/v2/acc/UsersAuthU    --> service-datahub/handlers.(*AuthHandler).UsersAuthU-fm (5 handlers)
2026-10-01T14:59:19: [GIN-debug] POST   /api/v2/acc/UsersAuthD    --> service-datahub/handlers.(*AuthHandler).UsersAuthD-fm (5 handlers)
2026-10-01T14:59:19: [GIN-debug] POST   /api/v2/acc/UsersAuthQ    --> service-datahub/handlers.(*AuthHandler).UsersAuthQ-fm (5 handlers)
2026-10-01T14:59:19: [GIN-debug] POST   /api/v2/acc/UsersAuthUStatusAcc --> service-datahub/handlers.(*AuthHandler).UsersAuthUStatusAcc-fm (5 handlers)
2026-10-01T14:59:19: [GIN-debug] POST   /api/v2/acc/UPass2        --> service-datahub/handlers.(*AuthHandler).UpdatePasswords-fm (5 handlers)
2026-10-01T14:59:19: [GIN-debug] POST   /api/v2/role/RoleQ        --> service-datahub/handlers.(*AuthHandler).RoleQ-fm (5 handlers)
2026-10-01T14:59:19: [GIN-debug] POST   /api/v2/role/UserRoleQ    --> service-datahub/handlers.(*AuthHandler).UserRoleQ-fm (5 handlers)
2026-10-01T14:59:19: [GIN-debug] POST   /api/v2/role/UserRoleA    --> service-datahub/handlers.(*AuthHandler).UserRoleA-fm (5 handlers)
2026-10-01T14:59:19: [GIN-debug] POST   /api/v2/role/UserRoleU    --> service-datahub/handlers.(*AuthHandler).UserRoleU-fm (5 handlers)
2026-10-01T14:59:19: [GIN-debug] POST   /api/v2/role/UserRoleD    --> service-datahub/handlers.(*AuthHandler).UserRoleD-fm (5 handlers)
2026-10-01T14:59:19: [GIN-debug] POST   /api/v2/menu/MenuQ        --> service-datahub/handlers.(*AuthHandler).MenuQ-fm (5 handlers)
2026-10-01T14:59:19: [GIN-debug] POST   /api/v2/menu/RootMenuQ    --> service-datahub/handlers.(*AuthHandler).RootMenuQ-fm (5 handlers)
2026-10-01T14:59:19: [GIN-debug] POST   /api/v2/menu/root-menu-Q  --> service-datahub/handlers.(*AuthHandler).RootMenuQ-fm (5 handlers)
2026-10-01T14:59:19: [GIN-debug] POST   /api/v2/system-users/MenuQ --> service-datahub/handlers.(*AuthHandler).MenuQ-fm (5 handlers)
2026-10-01T14:59:19: [GIN-debug] POST   /api/v2/system-users/RootMenuQ --> service-datahub/handlers.(*AuthHandler).RootMenuQ-fm (5 handlers)
2026-10-01T14:59:19: [GIN-debug] POST   /api/v2/system-users/root-menu-Q --> service-datahub/handlers.(*AuthHandler).RootMenuQ-fm (5 handlers)
2026-10-01T14:59:19: [GIN-debug] POST   /api/v2/mssql/system-users/MenuQ --> service-datahub/handlers.(*AuthHandler).MenuQ-fm (5 handlers)
2026-10-01T14:59:19: [GIN-debug] POST   /api/v2/mssql/system-users/RootMenuQ --> service-datahub/handlers.(*AuthHandler).RootMenuQ-fm (5 handlers)
2026-10-01T14:59:19: [GIN-debug] POST   /api/v2/mssql/system-users/root-menu-Q --> service-datahub/handlers.(*AuthHandler).RootMenuQ-fm (5 handlers)
2026-10-01T14:59:19: [GIN-debug] POST   /api/v1/auth/login        --> service-datahub/handlers.(*AuthHandler).Login-fm (4 handlers)
2026-10-01T14:59:19: [GIN-debug] POST   /api/v1/auth/logout       --> service-datahub/handlers.(*AuthHandler).Logout-fm (4 handlers)
2026-10-01T14:59:19: [GIN-debug] POST   /api/v1/auth/session      --> service-datahub/handlers.(*LoginHandler).GetSession-fm (4 handlers)
2026-10-01T14:59:19: [GIN-debug] GET    /api/v1/auth/session      --> service-datahub/handlers.(*LoginHandler).GetSession-fm (4 handlers)
2026-10-01T14:59:19: [GIN-debug] GET    /api/v1/configs           --> service-datahub/handlers.(*ConfigHandler).GetAllConfigs-fm (4 handlers)
2026-10-01T14:59:19: [GIN-debug] POST   /api/v1/configs           --> service-datahub/handlers.(*ConfigHandler).SaveConfig-fm (4 handlers)
2026-10-01T14:59:19: [GIN-debug] POST   /api/v1/configs/all       --> service-datahub/handlers.(*ConfigHandler).GetAllConfigs-fm (4 handlers)
2026-10-01T14:59:19: [GIN-debug] POST   /api/v1/configs/save      --> service-datahub/handlers.(*ConfigHandler).SaveConfig-fm (4 handlers)
2026-10-01T14:59:19: [GIN-debug] POST   /api/v1/configs/get       --> service-datahub/handlers.(*ConfigHandler).GetConfigByKey-fm (4 handlers)
2026-10-01T14:59:19: [GIN-debug] GET    /api/v1/configs/:key      --> service-datahub/handlers.(*ConfigHandler).GetConfigByKey-fm (4 handlers)
2026-10-01T14:59:19: [GIN-debug] DELETE /api/v1/configs/:key      --> service-datahub/handlers.(*ConfigHandler).DeleteConfig-fm (4 handlers)
2026-10-01T14:59:19: [GIN-debug] POST   /api/v1/configs/delete    --> service-datahub/handlers.(*ConfigHandler).DeleteConfig-fm (4 handlers)
2026-10-01T14:59:19: [GIN-debug] POST   /api/v1/datahub/proxy     --> service-datahub/handlers.(*LoginHandler).ProxyForward-fm (4 handlers)
2026-10-01T14:59:19: [GIN-debug] GET    /api/v1/datahub/logs      --> service-datahub/handlers.(*LoginHandler).GetLogs-fm (4 handlers)
2026-10-01T14:59:19: [GIN-debug] POST   /api/v1/datahub/logs      --> service-datahub/handlers.(*LoginHandler).GetLogs-fm (4 handlers)
2026-10-01T14:59:19: [GIN-debug] POST   /api/v1/factories         --> service-datahub/handlers.(*FactoryHandler).GetFactories-fm (4 handlers)
2026-10-01T14:59:19: [GIN-debug] GET    /api/v1/factories         --> service-datahub/handlers.(*FactoryHandler).GetFactories-fm (4 handlers)
2026-10-01T14:59:19: [GIN-debug] POST   /api/v1/work-process      --> service-datahub/handlers.(*WorkProcessHandler).GetWorkProcess-fm (4 handlers)
2026-10-01T14:59:19: [GIN-debug] POST   /api/v1/work-process/query --> service-datahub/handlers.(*WorkProcessHandler).GetWorkProcess-fm (4 handlers)
2026-10-01T14:59:19: [GIN-debug] POST   /api/v1/work-process/factories --> service-datahub/handlers.(*FactoryHandler).GetFactories-fm (4 handlers)
2026-10-01T14:59:19: [GIN-debug] POST   /api/v1/work-process/by-doc --> service-datahub/handlers.(*WorkProcessHandler).GetWorkProcessByDocNo-fm (4 handlers)
2026-10-01T14:59:19: [GIN-debug] GET    /api/v1/work-process      --> service-datahub/handlers.(*WorkProcessHandler).GetWorkProcessByQuery-fm (4 handlers)
2026-10-01T14:59:19: [GIN-debug] GET    /api/v1/work-process/factories --> service-datahub/handlers.(*FactoryHandler).GetFactories-fm (4 handlers)
2026-10-01T14:59:19: [GIN-debug] GET    /api/v1/work-process/:doc_no --> service-datahub/handlers.(*WorkProcessHandler).GetWorkProcessByDocNo-fm (4 handlers)
2026-10-01T14:59:19: [GIN-debug] POST   /api/v1/order-settlement  --> service-datahub/handlers.(*OrderSettlementHandler).GetOrderSettlement-fm (4 handlers)
2026-10-01T14:59:19: [GIN-debug] POST   /api/v1/order-settlement/query --> service-datahub/handlers.(*OrderSettlementHandler).GetOrderSettlement-fm (4 handlers)
2026-10-01T14:59:19: [GIN-debug] GET    /api/v1/order-settlement  --> service-datahub/handlers.(*OrderSettlementHandler).GetOrderSettlement-fm (4 handlers)
2026-10-01T14:59:19: [GIN-debug] POST   /api/v1/lenh-cong-doan    --> service-datahub/handlers.(*WorkProcessHandler).GetWorkProcess-fm (4 handlers)
2026-10-01T14:59:19: [GIN-debug] POST   /api/v1/lenh-cong-doan/query --> service-datahub/handlers.(*WorkProcessHandler).GetWorkProcess-fm (4 handlers)
2026-10-01T14:59:19: [GIN-debug] POST   /api/v1/lenh-cong-doan/factories --> service-datahub/handlers.(*FactoryHandler).GetFactories-fm (4 handlers)
2026-10-01T14:59:19: [GIN-debug] POST   /api/v1/lenh-cong-doan/by-doc --> service-datahub/handlers.(*WorkProcessHandler).GetWorkProcessByDocNo-fm (4 handlers)
2026-10-01T14:59:19: [GIN-debug] GET    /api/v1/lenh-cong-doan    --> service-datahub/handlers.(*WorkProcessHandler).GetWorkProcessByQuery-fm (4 handlers)
2026-10-01T14:59:19: [GIN-debug] GET    /api/v1/lenh-cong-doan/factories --> service-datahub/handlers.(*FactoryHandler).GetFactories-fm (4 handlers)
2026-10-01T14:59:19: [GIN-debug] GET    /api/v1/lenh-cong-doan/:doc_no --> service-datahub/handlers.(*WorkProcessHandler).GetWorkProcessByDocNo-fm (4 handlers)
2026-10-01T14:59:19: [GIN-debug] POST   /api/v1/quyet-toan-lenh   --> service-datahub/handlers.(*OrderSettlementHandler).GetOrderSettlement-fm (4 handlers)
2026-10-01T14:59:19: [GIN-debug] POST   /api/v1/quyet-toan-lenh/query --> service-datahub/handlers.(*OrderSettlementHandler).GetOrderSettlement-fm (4 handlers)
2026-10-01T14:59:19: [GIN-debug] GET    /api/v1/quyet-toan-lenh   --> service-datahub/handlers.(*OrderSettlementHandler).GetOrderSettlement-fm (4 handlers)
2026-10-01T14:59:22: [GIN-debug] [WARNING] Running in "debug" mode. Switch to "release" mode in production.
2026-10-01T14:59:22:  - using env:	export GIN_MODE=release
2026-10-01T14:59:22:  - using code:	gin.SetMode(gin.ReleaseMode)
2026-10-01T14:59:22: 
2026-10-01T14:59:22: [GIN-debug] GET    /health                   --> service-datahub/handlers.(*HealthHandler).HealthCheck-fm (4 handlers)
2026-10-01T14:59:22: [GIN-debug] GET    /                         --> service-datahub/handlers.(*HealthHandler).HealthCheck-fm (4 handlers)
2026-10-01T14:59:22: [GIN-debug] POST   /api/v2/acc/p2/login      --> service-datahub/handlers.(*AuthHandler).Login-fm (5 handlers)
2026-10-01T14:59:22: [GIN-debug] POST   /api/v2/acc/p2/loginApp   --> service-datahub/handlers.(*AuthHandler).Login-fm (5 handlers)
2026-10-01T14:59:22: [GIN-debug] POST   /api/v2/acc/p2/change-password --> service-datahub/handlers.(*AuthHandler).ChangePass-fm (5 handlers)
2026-10-01T14:59:22: [GIN-debug] POST   /api/v2/acc/p2/logout     --> service-datahub/handlers.(*AuthHandler).Logout-fm (5 handlers)
2026-10-01T14:59:22: [GIN-debug] POST   /api/v2/acc/UsersAuthA    --> service-datahub/handlers.(*AuthHandler).UsersAuthA-fm (5 handlers)
2026-10-01T14:59:22: [GIN-debug] POST   /api/v2/acc/UsersAuthU    --> service-datahub/handlers.(*AuthHandler).UsersAuthU-fm (5 handlers)
2026-10-01T14:59:22: [GIN-debug] POST   /api/v2/acc/UsersAuthD    --> service-datahub/handlers.(*AuthHandler).UsersAuthD-fm (5 handlers)
2026-10-01T14:59:22: [GIN-debug] POST   /api/v2/acc/UsersAuthQ    --> service-datahub/handlers.(*AuthHandler).UsersAuthQ-fm (5 handlers)
2026-10-01T14:59:22: [GIN-debug] POST   /api/v2/acc/UsersAuthUStatusAcc --> service-datahub/handlers.(*AuthHandler).UsersAuthUStatusAcc-fm (5 handlers)
2026-10-01T14:59:22: [GIN-debug] POST   /api/v2/acc/UPass2        --> service-datahub/handlers.(*AuthHandler).UpdatePasswords-fm (5 handlers)
2026-10-01T14:59:22: [GIN-debug] POST   /api/v2/role/RoleQ        --> service-datahub/handlers.(*AuthHandler).RoleQ-fm (5 handlers)
2026-10-01T14:59:22: [GIN-debug] POST   /api/v2/role/UserRoleQ    --> service-datahub/handlers.(*AuthHandler).UserRoleQ-fm (5 handlers)
2026-10-01T14:59:22: [GIN-debug] POST   /api/v2/role/UserRoleA    --> service-datahub/handlers.(*AuthHandler).UserRoleA-fm (5 handlers)
2026-10-01T14:59:22: [GIN-debug] POST   /api/v2/role/UserRoleU    --> service-datahub/handlers.(*AuthHandler).UserRoleU-fm (5 handlers)
2026-10-01T14:59:22: [GIN-debug] POST   /api/v2/role/UserRoleD    --> service-datahub/handlers.(*AuthHandler).UserRoleD-fm (5 handlers)
2026-10-01T14:59:22: [GIN-debug] POST   /api/v2/menu/MenuQ        --> service-datahub/handlers.(*AuthHandler).MenuQ-fm (5 handlers)
2026-10-01T14:59:22: [GIN-debug] POST   /api/v2/menu/RootMenuQ    --> service-datahub/handlers.(*AuthHandler).RootMenuQ-fm (5 handlers)
2026-10-01T14:59:22: [GIN-debug] POST   /api/v2/menu/root-menu-Q  --> service-datahub/handlers.(*AuthHandler).RootMenuQ-fm (5 handlers)
2026-10-01T14:59:22: [GIN-debug] POST   /api/v2/system-users/MenuQ --> service-datahub/handlers.(*AuthHandler).MenuQ-fm (5 handlers)
2026-10-01T14:59:22: [GIN-debug] POST   /api/v2/system-users/RootMenuQ --> service-datahub/handlers.(*AuthHandler).RootMenuQ-fm (5 handlers)
2026-10-01T14:59:22: [GIN-debug] POST   /api/v2/system-users/root-menu-Q --> service-datahub/handlers.(*AuthHandler).RootMenuQ-fm (5 handlers)
2026-10-01T14:59:22: [GIN-debug] POST   /api/v2/mssql/system-users/MenuQ --> service-datahub/handlers.(*AuthHandler).MenuQ-fm (5 handlers)
2026-10-01T14:59:22: [GIN-debug] POST   /api/v2/mssql/system-users/RootMenuQ --> service-datahub/handlers.(*AuthHandler).RootMenuQ-fm (5 handlers)
2026-10-01T14:59:22: [GIN-debug] POST   /api/v2/mssql/system-users/root-menu-Q --> service-datahub/handlers.(*AuthHandler).RootMenuQ-fm (5 handlers)
2026-10-01T14:59:22: [GIN-debug] POST   /api/v1/auth/login        --> service-datahub/handlers.(*AuthHandler).Login-fm (4 handlers)
2026-10-01T14:59:22: [GIN-debug] POST   /api/v1/auth/logout       --> service-datahub/handlers.(*AuthHandler).Logout-fm (4 handlers)
2026-10-01T14:59:22: [GIN-debug] POST   /api/v1/auth/session      --> service-datahub/handlers.(*LoginHandler).GetSession-fm (4 handlers)
2026-10-01T14:59:22: [GIN-debug] GET    /api/v1/auth/session      --> service-datahub/handlers.(*LoginHandler).GetSession-fm (4 handlers)
2026-10-01T14:59:22: [GIN-debug] GET    /api/v1/configs           --> service-datahub/handlers.(*ConfigHandler).GetAllConfigs-fm (4 handlers)
2026-10-01T14:59:22: [GIN-debug] POST   /api/v1/configs           --> service-datahub/handlers.(*ConfigHandler).SaveConfig-fm (4 handlers)
2026-10-01T14:59:22: [GIN-debug] POST   /api/v1/configs/all       --> service-datahub/handlers.(*ConfigHandler).GetAllConfigs-fm (4 handlers)
2026-10-01T14:59:22: [GIN-debug] POST   /api/v1/configs/save      --> service-datahub/handlers.(*ConfigHandler).SaveConfig-fm (4 handlers)
2026-10-01T14:59:22: [GIN-debug] POST   /api/v1/configs/get       --> service-datahub/handlers.(*ConfigHandler).GetConfigByKey-fm (4 handlers)
2026-10-01T14:59:22: [GIN-debug] GET    /api/v1/configs/:key      --> service-datahub/handlers.(*ConfigHandler).GetConfigByKey-fm (4 handlers)
2026-10-01T14:59:22: [GIN-debug] DELETE /api/v1/configs/:key      --> service-datahub/handlers.(*ConfigHandler).DeleteConfig-fm (4 handlers)
2026-10-01T14:59:22: [GIN-debug] POST   /api/v1/configs/delete    --> service-datahub/handlers.(*ConfigHandler).DeleteConfig-fm (4 handlers)
2026-10-01T14:59:22: [GIN-debug] POST   /api/v1/datahub/proxy     --> service-datahub/handlers.(*LoginHandler).ProxyForward-fm (4 handlers)
2026-10-01T14:59:22: [GIN-debug] GET    /api/v1/datahub/logs      --> service-datahub/handlers.(*LoginHandler).GetLogs-fm (4 handlers)
2026-10-01T14:59:22: [GIN-debug] POST   /api/v1/datahub/logs      --> service-datahub/handlers.(*LoginHandler).GetLogs-fm (4 handlers)
2026-10-01T14:59:22: [GIN-debug] POST   /api/v1/factories         --> service-datahub/handlers.(*FactoryHandler).GetFactories-fm (4 handlers)
2026-10-01T14:59:22: [GIN-debug] GET    /api/v1/factories         --> service-datahub/handlers.(*FactoryHandler).GetFactories-fm (4 handlers)
2026-10-01T14:59:22: [GIN-debug] POST   /api/v1/work-process      --> service-datahub/handlers.(*WorkProcessHandler).GetWorkProcess-fm (4 handlers)
2026-10-01T14:59:22: [GIN-debug] POST   /api/v1/work-process/query --> service-datahub/handlers.(*WorkProcessHandler).GetWorkProcess-fm (4 handlers)
2026-10-01T14:59:22: [GIN-debug] POST   /api/v1/work-process/factories --> service-datahub/handlers.(*FactoryHandler).GetFactories-fm (4 handlers)
2026-10-01T14:59:22: [GIN-debug] POST   /api/v1/work-process/by-doc --> service-datahub/handlers.(*WorkProcessHandler).GetWorkProcessByDocNo-fm (4 handlers)
2026-10-01T14:59:22: [GIN-debug] GET    /api/v1/work-process      --> service-datahub/handlers.(*WorkProcessHandler).GetWorkProcessByQuery-fm (4 handlers)
2026-10-01T14:59:22: [GIN-debug] GET    /api/v1/work-process/factories --> service-datahub/handlers.(*FactoryHandler).GetFactories-fm (4 handlers)
2026-10-01T14:59:22: [GIN-debug] GET    /api/v1/work-process/:doc_no --> service-datahub/handlers.(*WorkProcessHandler).GetWorkProcessByDocNo-fm (4 handlers)
2026-10-01T14:59:22: [GIN-debug] POST   /api/v1/order-settlement  --> service-datahub/handlers.(*OrderSettlementHandler).GetOrderSettlement-fm (4 handlers)
2026-10-01T14:59:22: [GIN-debug] POST   /api/v1/order-settlement/query --> service-datahub/handlers.(*OrderSettlementHandler).GetOrderSettlement-fm (4 handlers)
2026-10-01T14:59:22: [GIN-debug] GET    /api/v1/order-settlement  --> service-datahub/handlers.(*OrderSettlementHandler).GetOrderSettlement-fm (4 handlers)
2026-10-01T14:59:22: [GIN-debug] POST   /api/v1/lenh-cong-doan    --> service-datahub/handlers.(*WorkProcessHandler).GetWorkProcess-fm (4 handlers)
2026-10-01T14:59:22: [GIN-debug] POST   /api/v1/lenh-cong-doan/query --> service-datahub/handlers.(*WorkProcessHandler).GetWorkProcess-fm (4 handlers)
2026-10-01T14:59:22: [GIN-debug] POST   /api/v1/lenh-cong-doan/factories --> service-datahub/handlers.(*FactoryHandler).GetFactories-fm (4 handlers)
2026-10-01T14:59:22: [GIN-debug] POST   /api/v1/lenh-cong-doan/by-doc --> service-datahub/handlers.(*WorkProcessHandler).GetWorkProcessByDocNo-fm (4 handlers)
2026-10-01T14:59:22: [GIN-debug] GET    /api/v1/lenh-cong-doan    --> service-datahub/handlers.(*WorkProcessHandler).GetWorkProcessByQuery-fm (4 handlers)
2026-10-01T14:59:22: [GIN-debug] GET    /api/v1/lenh-cong-doan/factories --> service-datahub/handlers.(*FactoryHandler).GetFactories-fm (4 handlers)
2026-10-01T14:59:22: [GIN-debug] GET    /api/v1/lenh-cong-doan/:doc_no --> service-datahub/handlers.(*WorkProcessHandler).GetWorkProcessByDocNo-fm (4 handlers)
2026-10-01T14:59:22: [GIN-debug] POST   /api/v1/quyet-toan-lenh   --> service-datahub/handlers.(*OrderSettlementHandler).GetOrderSettlement-fm (4 handlers)
2026-10-01T14:59:22: [GIN-debug] POST   /api/v1/quyet-toan-lenh/query --> service-datahub/handlers.(*OrderSettlementHandler).GetOrderSettlement-fm (4 handlers)
2026-10-01T14:59:22: [GIN-debug] GET    /api/v1/quyet-toan-lenh   --> service-datahub/handlers.(*OrderSettlementHandler).GetOrderSettlement-fm (4 handlers)
2026-10-01T14:59:25: [GIN-debug] [WARNING] Running in "debug" mode. Switch to "release" mode in production.
2026-10-01T14:59:25:  - using env:	export GIN_MODE=release
2026-10-01T14:59:25:  - using code:	gin.SetMode(gin.ReleaseMode)
2026-10-01T14:59:25: 
2026-10-01T14:59:25: [GIN-debug] GET    /health                   --> service-datahub/handlers.(*HealthHandler).HealthCheck-fm (4 handlers)
2026-10-01T14:59:25: [GIN-debug] GET    /                         --> service-datahub/handlers.(*HealthHandler).HealthCheck-fm (4 handlers)
2026-10-01T14:59:25: [GIN-debug] POST   /api/v2/acc/p2/login      --> service-datahub/handlers.(*AuthHandler).Login-fm (5 handlers)
2026-10-01T14:59:25: [GIN-debug] POST   /api/v2/acc/p2/loginApp   --> service-datahub/handlers.(*AuthHandler).Login-fm (5 handlers)
2026-10-01T14:59:25: [GIN-debug] POST   /api/v2/acc/p2/change-password --> service-datahub/handlers.(*AuthHandler).ChangePass-fm (5 handlers)
2026-10-01T14:59:25: [GIN-debug] POST   /api/v2/acc/p2/logout     --> service-datahub/handlers.(*AuthHandler).Logout-fm (5 handlers)
2026-10-01T14:59:25: [GIN-debug] POST   /api/v2/acc/UsersAuthA    --> service-datahub/handlers.(*AuthHandler).UsersAuthA-fm (5 handlers)
2026-10-01T14:59:25: [GIN-debug] POST   /api/v2/acc/UsersAuthU    --> service-datahub/handlers.(*AuthHandler).UsersAuthU-fm (5 handlers)
2026-10-01T14:59:25: [GIN-debug] POST   /api/v2/acc/UsersAuthD    --> service-datahub/handlers.(*AuthHandler).UsersAuthD-fm (5 handlers)
2026-10-01T14:59:25: [GIN-debug] POST   /api/v2/acc/UsersAuthQ    --> service-datahub/handlers.(*AuthHandler).UsersAuthQ-fm (5 handlers)
2026-10-01T14:59:25: [GIN-debug] POST   /api/v2/acc/UsersAuthUStatusAcc --> service-datahub/handlers.(*AuthHandler).UsersAuthUStatusAcc-fm (5 handlers)
2026-10-01T14:59:25: [GIN-debug] POST   /api/v2/acc/UPass2        --> service-datahub/handlers.(*AuthHandler).UpdatePasswords-fm (5 handlers)
2026-10-01T14:59:25: [GIN-debug] POST   /api/v2/role/RoleQ        --> service-datahub/handlers.(*AuthHandler).RoleQ-fm (5 handlers)
2026-10-01T14:59:25: [GIN-debug] POST   /api/v2/role/UserRoleQ    --> service-datahub/handlers.(*AuthHandler).UserRoleQ-fm (5 handlers)
2026-10-01T14:59:25: [GIN-debug] POST   /api/v2/role/UserRoleA    --> service-datahub/handlers.(*AuthHandler).UserRoleA-fm (5 handlers)
2026-10-01T14:59:25: [GIN-debug] POST   /api/v2/role/UserRoleU    --> service-datahub/handlers.(*AuthHandler).UserRoleU-fm (5 handlers)
2026-10-01T14:59:25: [GIN-debug] POST   /api/v2/role/UserRoleD    --> service-datahub/handlers.(*AuthHandler).UserRoleD-fm (5 handlers)
2026-10-01T14:59:25: [GIN-debug] POST   /api/v2/menu/MenuQ        --> service-datahub/handlers.(*AuthHandler).MenuQ-fm (5 handlers)
2026-10-01T14:59:25: [GIN-debug] POST   /api/v2/menu/RootMenuQ    --> service-datahub/handlers.(*AuthHandler).RootMenuQ-fm (5 handlers)
2026-10-01T14:59:25: [GIN-debug] POST   /api/v2/menu/root-menu-Q  --> service-datahub/handlers.(*AuthHandler).RootMenuQ-fm (5 handlers)
2026-10-01T14:59:25: [GIN-debug] POST   /api/v2/system-users/MenuQ --> service-datahub/handlers.(*AuthHandler).MenuQ-fm (5 handlers)
2026-10-01T14:59:25: [GIN-debug] POST   /api/v2/system-users/RootMenuQ --> service-datahub/handlers.(*AuthHandler).RootMenuQ-fm (5 handlers)
2026-10-01T14:59:25: [GIN-debug] POST   /api/v2/system-users/root-menu-Q --> service-datahub/handlers.(*AuthHandler).RootMenuQ-fm (5 handlers)
2026-10-01T14:59:25: [GIN-debug] POST   /api/v2/mssql/system-users/MenuQ --> service-datahub/handlers.(*AuthHandler).MenuQ-fm (5 handlers)
2026-10-01T14:59:25: [GIN-debug] POST   /api/v2/mssql/system-users/RootMenuQ --> service-datahub/handlers.(*AuthHandler).RootMenuQ-fm (5 handlers)
2026-10-01T14:59:25: [GIN-debug] POST   /api/v2/mssql/system-users/root-menu-Q --> service-datahub/handlers.(*AuthHandler).RootMenuQ-fm (5 handlers)
2026-10-01T14:59:25: [GIN-debug] POST   /api/v1/auth/login        --> service-datahub/handlers.(*AuthHandler).Login-fm (4 handlers)
2026-10-01T14:59:25: [GIN-debug] POST   /api/v1/auth/logout       --> service-datahub/handlers.(*AuthHandler).Logout-fm (4 handlers)
2026-10-01T14:59:25: [GIN-debug] POST   /api/v1/auth/session      --> service-datahub/handlers.(*LoginHandler).GetSession-fm (4 handlers)
2026-10-01T14:59:25: [GIN-debug] GET    /api/v1/auth/session      --> service-datahub/handlers.(*LoginHandler).GetSession-fm (4 handlers)
2026-10-01T14:59:25: [GIN-debug] GET    /api/v1/configs           --> service-datahub/handlers.(*ConfigHandler).GetAllConfigs-fm (4 handlers)
2026-10-01T14:59:25: [GIN-debug] POST   /api/v1/configs           --> service-datahub/handlers.(*ConfigHandler).SaveConfig-fm (4 handlers)
2026-10-01T14:59:25: [GIN-debug] POST   /api/v1/configs/all       --> service-datahub/handlers.(*ConfigHandler).GetAllConfigs-fm (4 handlers)
2026-10-01T14:59:25: [GIN-debug] POST   /api/v1/configs/save      --> service-datahub/handlers.(*ConfigHandler).SaveConfig-fm (4 handlers)
2026-10-01T14:59:25: [GIN-debug] POST   /api/v1/configs/get       --> service-datahub/handlers.(*ConfigHandler).GetConfigByKey-fm (4 handlers)
2026-10-01T14:59:25: [GIN-debug] GET    /api/v1/configs/:key      --> service-datahub/handlers.(*ConfigHandler).GetConfigByKey-fm (4 handlers)
2026-10-01T14:59:25: [GIN-debug] DELETE /api/v1/configs/:key      --> service-datahub/handlers.(*ConfigHandler).DeleteConfig-fm (4 handlers)
2026-10-01T14:59:25: [GIN-debug] POST   /api/v1/configs/delete    --> service-datahub/handlers.(*ConfigHandler).DeleteConfig-fm (4 handlers)
2026-10-01T14:59:25: [GIN-debug] POST   /api/v1/datahub/proxy     --> service-datahub/handlers.(*LoginHandler).ProxyForward-fm (4 handlers)
2026-10-01T14:59:25: [GIN-debug] GET    /api/v1/datahub/logs      --> service-datahub/handlers.(*LoginHandler).GetLogs-fm (4 handlers)
2026-10-01T14:59:25: [GIN-debug] POST   /api/v1/datahub/logs      --> service-datahub/handlers.(*LoginHandler).GetLogs-fm (4 handlers)
2026-10-01T14:59:25: [GIN-debug] POST   /api/v1/factories         --> service-datahub/handlers.(*FactoryHandler).GetFactories-fm (4 handlers)
2026-10-01T14:59:25: [GIN-debug] GET    /api/v1/factories         --> service-datahub/handlers.(*FactoryHandler).GetFactories-fm (4 handlers)
2026-10-01T14:59:25: [GIN-debug] POST   /api/v1/work-process      --> service-datahub/handlers.(*WorkProcessHandler).GetWorkProcess-fm (4 handlers)
2026-10-01T14:59:25: [GIN-debug] POST   /api/v1/work-process/query --> service-datahub/handlers.(*WorkProcessHandler).GetWorkProcess-fm (4 handlers)
2026-10-01T14:59:25: [GIN-debug] POST   /api/v1/work-process/factories --> service-datahub/handlers.(*FactoryHandler).GetFactories-fm (4 handlers)
2026-10-01T14:59:25: [GIN-debug] POST   /api/v1/work-process/by-doc --> service-datahub/handlers.(*WorkProcessHandler).GetWorkProcessByDocNo-fm (4 handlers)
2026-10-01T14:59:25: [GIN-debug] GET    /api/v1/work-process      --> service-datahub/handlers.(*WorkProcessHandler).GetWorkProcessByQuery-fm (4 handlers)
2026-10-01T14:59:25: [GIN-debug] GET    /api/v1/work-process/factories --> service-datahub/handlers.(*FactoryHandler).GetFactories-fm (4 handlers)
2026-10-01T14:59:25: [GIN-debug] GET    /api/v1/work-process/:doc_no --> service-datahub/handlers.(*WorkProcessHandler).GetWorkProcessByDocNo-fm (4 handlers)
2026-10-01T14:59:25: [GIN-debug] POST   /api/v1/order-settlement  --> service-datahub/handlers.(*OrderSettlementHandler).GetOrderSettlement-fm (4 handlers)
2026-10-01T14:59:25: [GIN-debug] POST   /api/v1/order-settlement/query --> service-datahub/handlers.(*OrderSettlementHandler).GetOrderSettlement-fm (4 handlers)
2026-10-01T14:59:25: [GIN-debug] GET    /api/v1/order-settlement  --> service-datahub/handlers.(*OrderSettlementHandler).GetOrderSettlement-fm (4 handlers)
2026-10-01T14:59:25: [GIN-debug] POST   /api/v1/lenh-cong-doan    --> service-datahub/handlers.(*WorkProcessHandler).GetWorkProcess-fm (4 handlers)
2026-10-01T14:59:25: [GIN-debug] POST   /api/v1/lenh-cong-doan/query --> service-datahub/handlers.(*WorkProcessHandler).GetWorkProcess-fm (4 handlers)
2026-10-01T14:59:25: [GIN-debug] POST   /api/v1/lenh-cong-doan/factories --> service-datahub/handlers.(*FactoryHandler).GetFactories-fm (4 handlers)
2026-10-01T14:59:25: [GIN-debug] POST   /api/v1/lenh-cong-doan/by-doc --> service-datahub/handlers.(*WorkProcessHandler).GetWorkProcessByDocNo-fm (4 handlers)
2026-10-01T14:59:25: [GIN-debug] GET    /api/v1/lenh-cong-doan    --> service-datahub/handlers.(*WorkProcessHandler).GetWorkProcessByQuery-fm (4 handlers)
2026-10-01T14:59:25: [GIN-debug] GET    /api/v1/lenh-cong-doan/factories --> service-datahub/handlers.(*FactoryHandler).GetFactories-fm (4 handlers)
2026-10-01T14:59:25: [GIN-debug] GET    /api/v1/lenh-cong-doan/:doc_no --> service-datahub/handlers.(*WorkProcessHandler).GetWorkProcessByDocNo-fm (4 handlers)
2026-10-01T14:59:25: [GIN-debug] POST   /api/v1/quyet-toan-lenh   --> service-datahub/handlers.(*OrderSettlementHandler).GetOrderSettlement-fm (4 handlers)
2026-10-01T14:59:25: [GIN-debug] POST   /api/v1/quyet-toan-lenh/query --> service-datahub/handlers.(*OrderSettlementHandler).GetOrderSettlement-fm (4 handlers)
2026-10-01T14:59:25: [GIN-debug] GET    /api/v1/quyet-toan-lenh   --> service-datahub/handlers.(*OrderSettlementHandler).GetOrderSettlement-fm (4 handlers)
2026-10-01T14:59:29: [GIN-debug] [WARNING] Running in "debug" mode. Switch to "release" mode in production.
2026-10-01T14:59:29:  - using env:	export GIN_MODE=release
2026-10-01T14:59:29:  - using code:	gin.SetMode(gin.ReleaseMode)
2026-10-01T14:59:29: 
2026-10-01T14:59:29: [GIN-debug] GET    /health                   --> service-datahub/handlers.(*HealthHandler).HealthCheck-fm (4 handlers)
2026-10-01T14:59:29: [GIN-debug] GET    /                         --> service-datahub/handlers.(*HealthHandler).HealthCheck-fm (4 handlers)
2026-10-01T14:59:29: [GIN-debug] POST   /api/v2/acc/p2/login      --> service-datahub/handlers.(*AuthHandler).Login-fm (5 handlers)
2026-10-01T14:59:29: [GIN-debug] POST   /api/v2/acc/p2/loginApp   --> service-datahub/handlers.(*AuthHandler).Login-fm (5 handlers)
2026-10-01T14:59:29: [GIN-debug] POST   /api/v2/acc/p2/change-password --> service-datahub/handlers.(*AuthHandler).ChangePass-fm (5 handlers)
2026-10-01T14:59:29: [GIN-debug] POST   /api/v2/acc/p2/logout     --> service-datahub/handlers.(*AuthHandler).Logout-fm (5 handlers)
2026-10-01T14:59:29: [GIN-debug] POST   /api/v2/acc/UsersAuthA    --> service-datahub/handlers.(*AuthHandler).UsersAuthA-fm (5 handlers)
2026-10-01T14:59:29: [GIN-debug] POST   /api/v2/acc/UsersAuthU    --> service-datahub/handlers.(*AuthHandler).UsersAuthU-fm (5 handlers)
2026-10-01T14:59:29: [GIN-debug] POST   /api/v2/acc/UsersAuthD    --> service-datahub/handlers.(*AuthHandler).UsersAuthD-fm (5 handlers)
2026-10-01T14:59:29: [GIN-debug] POST   /api/v2/acc/UsersAuthQ    --> service-datahub/handlers.(*AuthHandler).UsersAuthQ-fm (5 handlers)
2026-10-01T14:59:29: [GIN-debug] POST   /api/v2/acc/UsersAuthUStatusAcc --> service-datahub/handlers.(*AuthHandler).UsersAuthUStatusAcc-fm (5 handlers)
2026-10-01T14:59:29: [GIN-debug] POST   /api/v2/acc/UPass2        --> service-datahub/handlers.(*AuthHandler).UpdatePasswords-fm (5 handlers)
2026-10-01T14:59:29: [GIN-debug] POST   /api/v2/role/RoleQ        --> service-datahub/handlers.(*AuthHandler).RoleQ-fm (5 handlers)
2026-10-01T14:59:29: [GIN-debug] POST   /api/v2/role/UserRoleQ    --> service-datahub/handlers.(*AuthHandler).UserRoleQ-fm (5 handlers)
2026-10-01T14:59:29: [GIN-debug] POST   /api/v2/role/UserRoleA    --> service-datahub/handlers.(*AuthHandler).UserRoleA-fm (5 handlers)
2026-10-01T14:59:29: [GIN-debug] POST   /api/v2/role/UserRoleU    --> service-datahub/handlers.(*AuthHandler).UserRoleU-fm (5 handlers)
2026-10-01T14:59:29: [GIN-debug] POST   /api/v2/role/UserRoleD    --> service-datahub/handlers.(*AuthHandler).UserRoleD-fm (5 handlers)
2026-10-01T14:59:29: [GIN-debug] POST   /api/v2/menu/MenuQ        --> service-datahub/handlers.(*AuthHandler).MenuQ-fm (5 handlers)
2026-10-01T14:59:29: [GIN-debug] POST   /api/v2/menu/RootMenuQ    --> service-datahub/handlers.(*AuthHandler).RootMenuQ-fm (5 handlers)
2026-10-01T14:59:29: [GIN-debug] POST   /api/v2/menu/root-menu-Q  --> service-datahub/handlers.(*AuthHandler).RootMenuQ-fm (5 handlers)
2026-10-01T14:59:29: [GIN-debug] POST   /api/v2/system-users/MenuQ --> service-datahub/handlers.(*AuthHandler).MenuQ-fm (5 handlers)
2026-10-01T14:59:29: [GIN-debug] POST   /api/v2/system-users/RootMenuQ --> service-datahub/handlers.(*AuthHandler).RootMenuQ-fm (5 handlers)
2026-10-01T14:59:29: [GIN-debug] POST   /api/v2/system-users/root-menu-Q --> service-datahub/handlers.(*AuthHandler).RootMenuQ-fm (5 handlers)
2026-10-01T14:59:29: [GIN-debug] POST   /api/v2/mssql/system-users/MenuQ --> service-datahub/handlers.(*AuthHandler).MenuQ-fm (5 handlers)
2026-10-01T14:59:29: [GIN-debug] POST   /api/v2/mssql/system-users/RootMenuQ --> service-datahub/handlers.(*AuthHandler).RootMenuQ-fm (5 handlers)
2026-10-01T14:59:29: [GIN-debug] POST   /api/v2/mssql/system-users/root-menu-Q --> service-datahub/handlers.(*AuthHandler).RootMenuQ-fm (5 handlers)
2026-10-01T14:59:29: [GIN-debug] POST   /api/v1/auth/login        --> service-datahub/handlers.(*AuthHandler).Login-fm (4 handlers)
2026-10-01T14:59:29: [GIN-debug] POST   /api/v1/auth/logout       --> service-datahub/handlers.(*AuthHandler).Logout-fm (4 handlers)
2026-10-01T14:59:29: [GIN-debug] POST   /api/v1/auth/session      --> service-datahub/handlers.(*LoginHandler).GetSession-fm (4 handlers)
2026-10-01T14:59:29: [GIN-debug] GET    /api/v1/auth/session      --> service-datahub/handlers.(*LoginHandler).GetSession-fm (4 handlers)
2026-10-01T14:59:29: [GIN-debug] GET    /api/v1/configs           --> service-datahub/handlers.(*ConfigHandler).GetAllConfigs-fm (4 handlers)
2026-10-01T14:59:29: [GIN-debug] POST   /api/v1/configs           --> service-datahub/handlers.(*ConfigHandler).SaveConfig-fm (4 handlers)
2026-10-01T14:59:29: [GIN-debug] POST   /api/v1/configs/all       --> service-datahub/handlers.(*ConfigHandler).GetAllConfigs-fm (4 handlers)
2026-10-01T14:59:29: [GIN-debug] POST   /api/v1/configs/save      --> service-datahub/handlers.(*ConfigHandler).SaveConfig-fm (4 handlers)
2026-10-01T14:59:29: [GIN-debug] POST   /api/v1/configs/get       --> service-datahub/handlers.(*ConfigHandler).GetConfigByKey-fm (4 handlers)
2026-10-01T14:59:29: [GIN-debug] GET    /api/v1/configs/:key      --> service-datahub/handlers.(*ConfigHandler).GetConfigByKey-fm (4 handlers)
2026-10-01T14:59:29: [GIN-debug] DELETE /api/v1/configs/:key      --> service-datahub/handlers.(*ConfigHandler).DeleteConfig-fm (4 handlers)
2026-10-01T14:59:29: [GIN-debug] POST   /api/v1/configs/delete    --> service-datahub/handlers.(*ConfigHandler).DeleteConfig-fm (4 handlers)
2026-10-01T14:59:29: [GIN-debug] POST   /api/v1/datahub/proxy     --> service-datahub/handlers.(*LoginHandler).ProxyForward-fm (4 handlers)
2026-10-01T14:59:29: [GIN-debug] GET    /api/v1/datahub/logs      --> service-datahub/handlers.(*LoginHandler).GetLogs-fm (4 handlers)
2026-10-01T14:59:29: [GIN-debug] POST   /api/v1/datahub/logs      --> service-datahub/handlers.(*LoginHandler).GetLogs-fm (4 handlers)
2026-10-01T14:59:29: [GIN-debug] POST   /api/v1/factories         --> service-datahub/handlers.(*FactoryHandler).GetFactories-fm (4 handlers)
2026-10-01T14:59:29: [GIN-debug] GET    /api/v1/factories         --> service-datahub/handlers.(*FactoryHandler).GetFactories-fm (4 handlers)
2026-10-01T14:59:29: [GIN-debug] POST   /api/v1/work-process      --> service-datahub/handlers.(*WorkProcessHandler).GetWorkProcess-fm (4 handlers)
2026-10-01T14:59:29: [GIN-debug] POST   /api/v1/work-process/query --> service-datahub/handlers.(*WorkProcessHandler).GetWorkProcess-fm (4 handlers)
2026-10-01T14:59:29: [GIN-debug] POST   /api/v1/work-process/factories --> service-datahub/handlers.(*FactoryHandler).GetFactories-fm (4 handlers)
2026-10-01T14:59:29: [GIN-debug] POST   /api/v1/work-process/by-doc --> service-datahub/handlers.(*WorkProcessHandler).GetWorkProcessByDocNo-fm (4 handlers)
2026-10-01T14:59:29: [GIN-debug] GET    /api/v1/work-process      --> service-datahub/handlers.(*WorkProcessHandler).GetWorkProcessByQuery-fm (4 handlers)
2026-10-01T14:59:29: [GIN-debug] GET    /api/v1/work-process/factories --> service-datahub/handlers.(*FactoryHandler).GetFactories-fm (4 handlers)
2026-10-01T14:59:29: [GIN-debug] GET    /api/v1/work-process/:doc_no --> service-datahub/handlers.(*WorkProcessHandler).GetWorkProcessByDocNo-fm (4 handlers)
2026-10-01T14:59:29: [GIN-debug] POST   /api/v1/order-settlement  --> service-datahub/handlers.(*OrderSettlementHandler).GetOrderSettlement-fm (4 handlers)
2026-10-01T14:59:29: [GIN-debug] POST   /api/v1/order-settlement/query --> service-datahub/handlers.(*OrderSettlementHandler).GetOrderSettlement-fm (4 handlers)
2026-10-01T14:59:29: [GIN-debug] GET    /api/v1/order-settlement  --> service-datahub/handlers.(*OrderSettlementHandler).GetOrderSettlement-fm (4 handlers)
2026-10-01T14:59:29: [GIN-debug] POST   /api/v1/lenh-cong-doan    --> service-datahub/handlers.(*WorkProcessHandler).GetWorkProcess-fm (4 handlers)
2026-10-01T14:59:29: [GIN-debug] POST   /api/v1/lenh-cong-doan/query --> service-datahub/handlers.(*WorkProcessHandler).GetWorkProcess-fm (4 handlers)
2026-10-01T14:59:29: [GIN-debug] POST   /api/v1/lenh-cong-doan/factories --> service-datahub/handlers.(*FactoryHandler).GetFactories-fm (4 handlers)
2026-10-01T14:59:29: [GIN-debug] POST   /api/v1/lenh-cong-doan/by-doc --> service-datahub/handlers.(*WorkProcessHandler).GetWorkProcessByDocNo-fm (4 handlers)
2026-10-01T14:59:29: [GIN-debug] GET    /api/v1/lenh-cong-doan    --> service-datahub/handlers.(*WorkProcessHandler).GetWorkProcessByQuery-fm (4 handlers)
2026-10-01T14:59:29: [GIN-debug] GET    /api/v1/lenh-cong-doan/factories --> service-datahub/handlers.(*FactoryHandler).GetFactories-fm (4 handlers)
2026-10-01T14:59:29: [GIN-debug] GET    /api/v1/lenh-cong-doan/:doc_no --> service-datahub/handlers.(*WorkProcessHandler).GetWorkProcessByDocNo-fm (4 handlers)
2026-10-01T14:59:29: [GIN-debug] POST   /api/v1/quyet-toan-lenh   --> service-datahub/handlers.(*OrderSettlementHandler).GetOrderSettlement-fm (4 handlers)
2026-10-01T14:59:29: [GIN-debug] POST   /api/v1/quyet-toan-lenh/query --> service-datahub/handlers.(*OrderSettlementHandler).GetOrderSettlement-fm (4 handlers)
2026-10-01T14:59:29: [GIN-debug] GET    /api/v1/quyet-toan-lenh   --> service-datahub/handlers.(*OrderSettlementHandler).GetOrderSettlement-fm (4 handlers)
2026-10-01T14:59:32: [GIN-debug] [WARNING] Running in "debug" mode. Switch to "release" mode in production.
2026-10-01T14:59:32:  - using env:	export GIN_MODE=release
2026-10-01T14:59:32:  - using code:	gin.SetMode(gin.ReleaseMode)
2026-10-01T14:59:32: 
2026-10-01T14:59:32: [GIN-debug] GET    /health                   --> service-datahub/handlers.(*HealthHandler).HealthCheck-fm (4 handlers)
2026-10-01T14:59:32: [GIN-debug] GET    /                         --> service-datahub/handlers.(*HealthHandler).HealthCheck-fm (4 handlers)
2026-10-01T14:59:32: [GIN-debug] POST   /api/v2/acc/p2/login      --> service-datahub/handlers.(*AuthHandler).Login-fm (5 handlers)
2026-10-01T14:59:32: [GIN-debug] POST   /api/v2/acc/p2/loginApp   --> service-datahub/handlers.(*AuthHandler).Login-fm (5 handlers)
2026-10-01T14:59:32: [GIN-debug] POST   /api/v2/acc/p2/change-password --> service-datahub/handlers.(*AuthHandler).ChangePass-fm (5 handlers)
2026-10-01T14:59:32: [GIN-debug] POST   /api/v2/acc/p2/logout     --> service-datahub/handlers.(*AuthHandler).Logout-fm (5 handlers)
2026-10-01T14:59:32: [GIN-debug] POST   /api/v2/acc/UsersAuthA    --> service-datahub/handlers.(*AuthHandler).UsersAuthA-fm (5 handlers)
2026-10-01T14:59:32: [GIN-debug] POST   /api/v2/acc/UsersAuthU    --> service-datahub/handlers.(*AuthHandler).UsersAuthU-fm (5 handlers)
2026-10-01T14:59:32: [GIN-debug] POST   /api/v2/acc/UsersAuthD    --> service-datahub/handlers.(*AuthHandler).UsersAuthD-fm (5 handlers)
2026-10-01T14:59:32: [GIN-debug] POST   /api/v2/acc/UsersAuthQ    --> service-datahub/handlers.(*AuthHandler).UsersAuthQ-fm (5 handlers)
2026-10-01T14:59:32: [GIN-debug] POST   /api/v2/acc/UsersAuthUStatusAcc --> service-datahub/handlers.(*AuthHandler).UsersAuthUStatusAcc-fm (5 handlers)
2026-10-01T14:59:32: [GIN-debug] POST   /api/v2/acc/UPass2        --> service-datahub/handlers.(*AuthHandler).UpdatePasswords-fm (5 handlers)
2026-10-01T14:59:32: [GIN-debug] POST   /api/v2/role/RoleQ        --> service-datahub/handlers.(*AuthHandler).RoleQ-fm (5 handlers)
2026-10-01T14:59:32: [GIN-debug] POST   /api/v2/role/UserRoleQ    --> service-datahub/handlers.(*AuthHandler).UserRoleQ-fm (5 handlers)
2026-10-01T14:59:32: [GIN-debug] POST   /api/v2/role/UserRoleA    --> service-datahub/handlers.(*AuthHandler).UserRoleA-fm (5 handlers)
2026-10-01T14:59:32: [GIN-debug] POST   /api/v2/role/UserRoleU    --> service-datahub/handlers.(*AuthHandler).UserRoleU-fm (5 handlers)
2026-10-01T14:59:32: [GIN-debug] POST   /api/v2/role/UserRoleD    --> service-datahub/handlers.(*AuthHandler).UserRoleD-fm (5 handlers)
2026-10-01T14:59:32: [GIN-debug] POST   /api/v2/menu/MenuQ        --> service-datahub/handlers.(*AuthHandler).MenuQ-fm (5 handlers)
2026-10-01T14:59:32: [GIN-debug] POST   /api/v2/menu/RootMenuQ    --> service-datahub/handlers.(*AuthHandler).RootMenuQ-fm (5 handlers)
2026-10-01T14:59:32: [GIN-debug] POST   /api/v2/menu/root-menu-Q  --> service-datahub/handlers.(*AuthHandler).RootMenuQ-fm (5 handlers)
2026-10-01T14:59:32: [GIN-debug] POST   /api/v2/system-users/MenuQ --> service-datahub/handlers.(*AuthHandler).MenuQ-fm (5 handlers)
2026-10-01T14:59:32: [GIN-debug] POST   /api/v2/system-users/RootMenuQ --> service-datahub/handlers.(*AuthHandler).RootMenuQ-fm (5 handlers)
2026-10-01T14:59:32: [GIN-debug] POST   /api/v2/system-users/root-menu-Q --> service-datahub/handlers.(*AuthHandler).RootMenuQ-fm (5 handlers)
2026-10-01T14:59:32: [GIN-debug] POST   /api/v2/mssql/system-users/MenuQ --> service-datahub/handlers.(*AuthHandler).MenuQ-fm (5 handlers)
2026-10-01T14:59:32: [GIN-debug] POST   /api/v2/mssql/system-users/RootMenuQ --> service-datahub/handlers.(*AuthHandler).RootMenuQ-fm (5 handlers)
2026-10-01T14:59:32: [GIN-debug] POST   /api/v2/mssql/system-users/root-menu-Q --> service-datahub/handlers.(*AuthHandler).RootMenuQ-fm (5 handlers)
2026-10-01T14:59:32: [GIN-debug] POST   /api/v1/auth/login        --> service-datahub/handlers.(*AuthHandler).Login-fm (4 handlers)
2026-10-01T14:59:32: [GIN-debug] POST   /api/v1/auth/logout       --> service-datahub/handlers.(*AuthHandler).Logout-fm (4 handlers)
2026-10-01T14:59:32: [GIN-debug] POST   /api/v1/auth/session      --> service-datahub/handlers.(*LoginHandler).GetSession-fm (4 handlers)
2026-10-01T14:59:32: [GIN-debug] GET    /api/v1/auth/session      --> service-datahub/handlers.(*LoginHandler).GetSession-fm (4 handlers)
2026-10-01T14:59:32: [GIN-debug] GET    /api/v1/configs           --> service-datahub/handlers.(*ConfigHandler).GetAllConfigs-fm (4 handlers)
2026-10-01T14:59:32: [GIN-debug] POST   /api/v1/configs           --> service-datahub/handlers.(*ConfigHandler).SaveConfig-fm (4 handlers)
2026-10-01T14:59:32: [GIN-debug] POST   /api/v1/configs/all       --> service-datahub/handlers.(*ConfigHandler).GetAllConfigs-fm (4 handlers)
2026-10-01T14:59:32: [GIN-debug] POST   /api/v1/configs/save      --> service-datahub/handlers.(*ConfigHandler).SaveConfig-fm (4 handlers)
2026-10-01T14:59:32: [GIN-debug] POST   /api/v1/configs/get       --> service-datahub/handlers.(*ConfigHandler).GetConfigByKey-fm (4 handlers)
2026-10-01T14:59:32: [GIN-debug] GET    /api/v1/configs/:key      --> service-datahub/handlers.(*ConfigHandler).GetConfigByKey-fm (4 handlers)
2026-10-01T14:59:32: [GIN-debug] DELETE /api/v1/configs/:key      --> service-datahub/handlers.(*ConfigHandler).DeleteConfig-fm (4 handlers)
2026-10-01T14:59:32: [GIN-debug] POST   /api/v1/configs/delete    --> service-datahub/handlers.(*ConfigHandler).DeleteConfig-fm (4 handlers)
2026-10-01T14:59:32: [GIN-debug] POST   /api/v1/datahub/proxy     --> service-datahub/handlers.(*LoginHandler).ProxyForward-fm (4 handlers)
2026-10-01T14:59:32: [GIN-debug] GET    /api/v1/datahub/logs      --> service-datahub/handlers.(*LoginHandler).GetLogs-fm (4 handlers)
2026-10-01T14:59:32: [GIN-debug] POST   /api/v1/datahub/logs      --> service-datahub/handlers.(*LoginHandler).GetLogs-fm (4 handlers)
2026-10-01T14:59:32: [GIN-debug] POST   /api/v1/factories         --> service-datahub/handlers.(*FactoryHandler).GetFactories-fm (4 handlers)
2026-10-01T14:59:32: [GIN-debug] GET    /api/v1/factories         --> service-datahub/handlers.(*FactoryHandler).GetFactories-fm (4 handlers)
2026-10-01T14:59:32: [GIN-debug] POST   /api/v1/work-process      --> service-datahub/handlers.(*WorkProcessHandler).GetWorkProcess-fm (4 handlers)
2026-10-01T14:59:32: [GIN-debug] POST   /api/v1/work-process/query --> service-datahub/handlers.(*WorkProcessHandler).GetWorkProcess-fm (4 handlers)
2026-10-01T14:59:32: [GIN-debug] POST   /api/v1/work-process/factories --> service-datahub/handlers.(*FactoryHandler).GetFactories-fm (4 handlers)
2026-10-01T14:59:32: [GIN-debug] POST   /api/v1/work-process/by-doc --> service-datahub/handlers.(*WorkProcessHandler).GetWorkProcessByDocNo-fm (4 handlers)
2026-10-01T14:59:32: [GIN-debug] GET    /api/v1/work-process      --> service-datahub/handlers.(*WorkProcessHandler).GetWorkProcessByQuery-fm (4 handlers)
2026-10-01T14:59:32: [GIN-debug] GET    /api/v1/work-process/factories --> service-datahub/handlers.(*FactoryHandler).GetFactories-fm (4 handlers)
2026-10-01T14:59:32: [GIN-debug] GET    /api/v1/work-process/:doc_no --> service-datahub/handlers.(*WorkProcessHandler).GetWorkProcessByDocNo-fm (4 handlers)
2026-10-01T14:59:32: [GIN-debug] POST   /api/v1/order-settlement  --> service-datahub/handlers.(*OrderSettlementHandler).GetOrderSettlement-fm (4 handlers)
2026-10-01T14:59:32: [GIN-debug] POST   /api/v1/order-settlement/query --> service-datahub/handlers.(*OrderSettlementHandler).GetOrderSettlement-fm (4 handlers)
2026-10-01T14:59:32: [GIN-debug] GET    /api/v1/order-settlement  --> service-datahub/handlers.(*OrderSettlementHandler).GetOrderSettlement-fm (4 handlers)
2026-10-01T14:59:32: [GIN-debug] POST   /api/v1/lenh-cong-doan    --> service-datahub/handlers.(*WorkProcessHandler).GetWorkProcess-fm (4 handlers)
2026-10-01T14:59:32: [GIN-debug] POST   /api/v1/lenh-cong-doan/query --> service-datahub/handlers.(*WorkProcessHandler).GetWorkProcess-fm (4 handlers)
2026-10-01T14:59:32: [GIN-debug] POST   /api/v1/lenh-cong-doan/factories --> service-datahub/handlers.(*FactoryHandler).GetFactories-fm (4 handlers)
2026-10-01T14:59:32: [GIN-debug] POST   /api/v1/lenh-cong-doan/by-doc --> service-datahub/handlers.(*WorkProcessHandler).GetWorkProcessByDocNo-fm (4 handlers)
2026-10-01T14:59:32: [GIN-debug] GET    /api/v1/lenh-cong-doan    --> service-datahub/handlers.(*WorkProcessHandler).GetWorkProcessByQuery-fm (4 handlers)
2026-10-01T14:59:32: [GIN-debug] GET    /api/v1/lenh-cong-doan/factories --> service-datahub/handlers.(*FactoryHandler).GetFactories-fm (4 handlers)
2026-10-01T14:59:32: [GIN-debug] GET    /api/v1/lenh-cong-doan/:doc_no --> service-datahub/handlers.(*WorkProcessHandler).GetWorkProcessByDocNo-fm (4 handlers)
2026-10-01T14:59:32: [GIN-debug] POST   /api/v1/quyet-toan-lenh   --> service-datahub/handlers.(*OrderSettlementHandler).GetOrderSettlement-fm (4 handlers)
2026-10-01T14:59:32: [GIN-debug] POST   /api/v1/quyet-toan-lenh/query --> service-datahub/handlers.(*OrderSettlementHandler).GetOrderSettlement-fm (4 handlers)
2026-10-01T14:59:32: [GIN-debug] GET    /api/v1/quyet-toan-lenh   --> service-datahub/handlers.(*OrderSettlementHandler).GetOrderSettlement-fm (4 handlers)
2026-10-01T14:59:35: [GIN-debug] [WARNING] Running in "debug" mode. Switch to "release" mode in production.
2026-10-01T14:59:35:  - using env:	export GIN_MODE=release
2026-10-01T14:59:35:  - using code:	gin.SetMode(gin.ReleaseMode)
2026-10-01T14:59:35: 
2026-10-01T14:59:35: [GIN-debug] GET    /health                   --> service-datahub/handlers.(*HealthHandler).HealthCheck-fm (4 handlers)
2026-10-01T14:59:35: [GIN-debug] GET    /                         --> service-datahub/handlers.(*HealthHandler).HealthCheck-fm (4 handlers)
2026-10-01T14:59:35: [GIN-debug] POST   /api/v2/acc/p2/login      --> service-datahub/handlers.(*AuthHandler).Login-fm (5 handlers)
2026-10-01T14:59:35: [GIN-debug] POST   /api/v2/acc/p2/loginApp   --> service-datahub/handlers.(*AuthHandler).Login-fm (5 handlers)
2026-10-01T14:59:35: [GIN-debug] POST   /api/v2/acc/p2/change-password --> service-datahub/handlers.(*AuthHandler).ChangePass-fm (5 handlers)
2026-10-01T14:59:35: [GIN-debug] POST   /api/v2/acc/p2/logout     --> service-datahub/handlers.(*AuthHandler).Logout-fm (5 handlers)
2026-10-01T14:59:35: [GIN-debug] POST   /api/v2/acc/UsersAuthA    --> service-datahub/handlers.(*AuthHandler).UsersAuthA-fm (5 handlers)
2026-10-01T14:59:35: [GIN-debug] POST   /api/v2/acc/UsersAuthU    --> service-datahub/handlers.(*AuthHandler).UsersAuthU-fm (5 handlers)
2026-10-01T14:59:35: [GIN-debug] POST   /api/v2/acc/UsersAuthD    --> service-datahub/handlers.(*AuthHandler).UsersAuthD-fm (5 handlers)
2026-10-01T14:59:35: [GIN-debug] POST   /api/v2/acc/UsersAuthQ    --> service-datahub/handlers.(*AuthHandler).UsersAuthQ-fm (5 handlers)
2026-10-01T14:59:35: [GIN-debug] POST   /api/v2/acc/UsersAuthUStatusAcc --> service-datahub/handlers.(*AuthHandler).UsersAuthUStatusAcc-fm (5 handlers)
2026-10-01T14:59:35: [GIN-debug] POST   /api/v2/acc/UPass2        --> service-datahub/handlers.(*AuthHandler).UpdatePasswords-fm (5 handlers)
2026-10-01T14:59:35: [GIN-debug] POST   /api/v2/role/RoleQ        --> service-datahub/handlers.(*AuthHandler).RoleQ-fm (5 handlers)
2026-10-01T14:59:35: [GIN-debug] POST   /api/v2/role/UserRoleQ    --> service-datahub/handlers.(*AuthHandler).UserRoleQ-fm (5 handlers)
2026-10-01T14:59:35: [GIN-debug] POST   /api/v2/role/UserRoleA    --> service-datahub/handlers.(*AuthHandler).UserRoleA-fm (5 handlers)
2026-10-01T14:59:35: [GIN-debug] POST   /api/v2/role/UserRoleU    --> service-datahub/handlers.(*AuthHandler).UserRoleU-fm (5 handlers)
2026-10-01T14:59:35: [GIN-debug] POST   /api/v2/role/UserRoleD    --> service-datahub/handlers.(*AuthHandler).UserRoleD-fm (5 handlers)
2026-10-01T14:59:35: [GIN-debug] POST   /api/v2/menu/MenuQ        --> service-datahub/handlers.(*AuthHandler).MenuQ-fm (5 handlers)
2026-10-01T14:59:35: [GIN-debug] POST   /api/v2/menu/RootMenuQ    --> service-datahub/handlers.(*AuthHandler).RootMenuQ-fm (5 handlers)
2026-10-01T14:59:35: [GIN-debug] POST   /api/v2/menu/root-menu-Q  --> service-datahub/handlers.(*AuthHandler).RootMenuQ-fm (5 handlers)
2026-10-01T14:59:35: [GIN-debug] POST   /api/v2/system-users/MenuQ --> service-datahub/handlers.(*AuthHandler).MenuQ-fm (5 handlers)
2026-10-01T14:59:35: [GIN-debug] POST   /api/v2/system-users/RootMenuQ --> service-datahub/handlers.(*AuthHandler).RootMenuQ-fm (5 handlers)
2026-10-01T14:59:35: [GIN-debug] POST   /api/v2/system-users/root-menu-Q --> service-datahub/handlers.(*AuthHandler).RootMenuQ-fm (5 handlers)
2026-10-01T14:59:35: [GIN-debug] POST   /api/v2/mssql/system-users/MenuQ --> service-datahub/handlers.(*AuthHandler).MenuQ-fm (5 handlers)
2026-10-01T14:59:35: [GIN-debug] POST   /api/v2/mssql/system-users/RootMenuQ --> service-datahub/handlers.(*AuthHandler).RootMenuQ-fm (5 handlers)
2026-10-01T14:59:35: [GIN-debug] POST   /api/v2/mssql/system-users/root-menu-Q --> service-datahub/handlers.(*AuthHandler).RootMenuQ-fm (5 handlers)
2026-10-01T14:59:35: [GIN-debug] POST   /api/v1/auth/login        --> service-datahub/handlers.(*AuthHandler).Login-fm (4 handlers)
2026-10-01T14:59:35: [GIN-debug] POST   /api/v1/auth/logout       --> service-datahub/handlers.(*AuthHandler).Logout-fm (4 handlers)
2026-10-01T14:59:35: [GIN-debug] POST   /api/v1/auth/session      --> service-datahub/handlers.(*LoginHandler).GetSession-fm (4 handlers)
2026-10-01T14:59:35: [GIN-debug] GET    /api/v1/auth/session      --> service-datahub/handlers.(*LoginHandler).GetSession-fm (4 handlers)
2026-10-01T14:59:35: [GIN-debug] GET    /api/v1/configs           --> service-datahub/handlers.(*ConfigHandler).GetAllConfigs-fm (4 handlers)
2026-10-01T14:59:35: [GIN-debug] POST   /api/v1/configs           --> service-datahub/handlers.(*ConfigHandler).SaveConfig-fm (4 handlers)
2026-10-01T14:59:35: [GIN-debug] POST   /api/v1/configs/all       --> service-datahub/handlers.(*ConfigHandler).GetAllConfigs-fm (4 handlers)
2026-10-01T14:59:35: [GIN-debug] POST   /api/v1/configs/save      --> service-datahub/handlers.(*ConfigHandler).SaveConfig-fm (4 handlers)
2026-10-01T14:59:35: [GIN-debug] POST   /api/v1/configs/get       --> service-datahub/handlers.(*ConfigHandler).GetConfigByKey-fm (4 handlers)
2026-10-01T14:59:35: [GIN-debug] GET    /api/v1/configs/:key      --> service-datahub/handlers.(*ConfigHandler).GetConfigByKey-fm (4 handlers)
2026-10-01T14:59:35: [GIN-debug] DELETE /api/v1/configs/:key      --> service-datahub/handlers.(*ConfigHandler).DeleteConfig-fm (4 handlers)
2026-10-01T14:59:35: [GIN-debug] POST   /api/v1/configs/delete    --> service-datahub/handlers.(*ConfigHandler).DeleteConfig-fm (4 handlers)
2026-10-01T14:59:35: [GIN-debug] POST   /api/v1/datahub/proxy     --> service-datahub/handlers.(*LoginHandler).ProxyForward-fm (4 handlers)
2026-10-01T14:59:35: [GIN-debug] GET    /api/v1/datahub/logs      --> service-datahub/handlers.(*LoginHandler).GetLogs-fm (4 handlers)
2026-10-01T14:59:35: [GIN-debug] POST   /api/v1/datahub/logs      --> service-datahub/handlers.(*LoginHandler).GetLogs-fm (4 handlers)
2026-10-01T14:59:35: [GIN-debug] POST   /api/v1/factories         --> service-datahub/handlers.(*FactoryHandler).GetFactories-fm (4 handlers)
2026-10-01T14:59:35: [GIN-debug] GET    /api/v1/factories         --> service-datahub/handlers.(*FactoryHandler).GetFactories-fm (4 handlers)
2026-10-01T14:59:35: [GIN-debug] POST   /api/v1/work-process      --> service-datahub/handlers.(*WorkProcessHandler).GetWorkProcess-fm (4 handlers)
2026-10-01T14:59:35: [GIN-debug] POST   /api/v1/work-process/query --> service-datahub/handlers.(*WorkProcessHandler).GetWorkProcess-fm (4 handlers)
2026-10-01T14:59:35: [GIN-debug] POST   /api/v1/work-process/factories --> service-datahub/handlers.(*FactoryHandler).GetFactories-fm (4 handlers)
2026-10-01T14:59:35: [GIN-debug] POST   /api/v1/work-process/by-doc --> service-datahub/handlers.(*WorkProcessHandler).GetWorkProcessByDocNo-fm (4 handlers)
2026-10-01T14:59:35: [GIN-debug] GET    /api/v1/work-process      --> service-datahub/handlers.(*WorkProcessHandler).GetWorkProcessByQuery-fm (4 handlers)
2026-10-01T14:59:35: [GIN-debug] GET    /api/v1/work-process/factories --> service-datahub/handlers.(*FactoryHandler).GetFactories-fm (4 handlers)
2026-10-01T14:59:35: [GIN-debug] GET    /api/v1/work-process/:doc_no --> service-datahub/handlers.(*WorkProcessHandler).GetWorkProcessByDocNo-fm (4 handlers)
2026-10-01T14:59:35: [GIN-debug] POST   /api/v1/order-settlement  --> service-datahub/handlers.(*OrderSettlementHandler).GetOrderSettlement-fm (4 handlers)
2026-10-01T14:59:35: [GIN-debug] POST   /api/v1/order-settlement/query --> service-datahub/handlers.(*OrderSettlementHandler).GetOrderSettlement-fm (4 handlers)
2026-10-01T14:59:35: [GIN-debug] GET    /api/v1/order-settlement  --> service-datahub/handlers.(*OrderSettlementHandler).GetOrderSettlement-fm (4 handlers)
2026-10-01T14:59:35: [GIN-debug] POST   /api/v1/lenh-cong-doan    --> service-datahub/handlers.(*WorkProcessHandler).GetWorkProcess-fm (4 handlers)
2026-10-01T14:59:35: [GIN-debug] POST   /api/v1/lenh-cong-doan/query --> service-datahub/handlers.(*WorkProcessHandler).GetWorkProcess-fm (4 handlers)
2026-10-01T14:59:35: [GIN-debug] POST   /api/v1/lenh-cong-doan/factories --> service-datahub/handlers.(*FactoryHandler).GetFactories-fm (4 handlers)
2026-10-01T14:59:35: [GIN-debug] POST   /api/v1/lenh-cong-doan/by-doc --> service-datahub/handlers.(*WorkProcessHandler).GetWorkProcessByDocNo-fm (4 handlers)
2026-10-01T14:59:35: [GIN-debug] GET    /api/v1/lenh-cong-doan    --> service-datahub/handlers.(*WorkProcessHandler).GetWorkProcessByQuery-fm (4 handlers)
2026-10-01T14:59:35: [GIN-debug] GET    /api/v1/lenh-cong-doan/factories --> service-datahub/handlers.(*FactoryHandler).GetFactories-fm (4 handlers)
2026-10-01T14:59:35: [GIN-debug] GET    /api/v1/lenh-cong-doan/:doc_no --> service-datahub/handlers.(*WorkProcessHandler).GetWorkProcessByDocNo-fm (4 handlers)
2026-10-01T14:59:35: [GIN-debug] POST   /api/v1/quyet-toan-lenh   --> service-datahub/handlers.(*OrderSettlementHandler).GetOrderSettlement-fm (4 handlers)
2026-10-01T14:59:35: [GIN-debug] POST   /api/v1/quyet-toan-lenh/query --> service-datahub/handlers.(*OrderSettlementHandler).GetOrderSettlement-fm (4 handlers)
2026-10-01T14:59:35: [GIN-debug] GET    /api/v1/quyet-toan-lenh   --> service-datahub/handlers.(*OrderSettlementHandler).GetOrderSettlement-fm (4 handlers)
2026-10-01T14:59:38: [GIN-debug] [WARNING] Running in "debug" mode. Switch to "release" mode in production.
2026-10-01T14:59:38:  - using env:	export GIN_MODE=release
2026-10-01T14:59:38:  - using code:	gin.SetMode(gin.ReleaseMode)
2026-10-01T14:59:38: 
2026-10-01T14:59:38: [GIN-debug] GET    /health                   --> service-datahub/handlers.(*HealthHandler).HealthCheck-fm (4 handlers)
2026-10-01T14:59:38: [GIN-debug] GET    /                         --> service-datahub/handlers.(*HealthHandler).HealthCheck-fm (4 handlers)
2026-10-01T14:59:38: [GIN-debug] POST   /api/v2/acc/p2/login      --> service-datahub/handlers.(*AuthHandler).Login-fm (5 handlers)
2026-10-01T14:59:38: [GIN-debug] POST   /api/v2/acc/p2/loginApp   --> service-datahub/handlers.(*AuthHandler).Login-fm (5 handlers)
2026-10-01T14:59:38: [GIN-debug] POST   /api/v2/acc/p2/change-password --> service-datahub/handlers.(*AuthHandler).ChangePass-fm (5 handlers)
2026-10-01T14:59:38: [GIN-debug] POST   /api/v2/acc/p2/logout     --> service-datahub/handlers.(*AuthHandler).Logout-fm (5 handlers)
2026-10-01T14:59:38: [GIN-debug] POST   /api/v2/acc/UsersAuthA    --> service-datahub/handlers.(*AuthHandler).UsersAuthA-fm (5 handlers)
2026-10-01T14:59:38: [GIN-debug] POST   /api/v2/acc/UsersAuthU    --> service-datahub/handlers.(*AuthHandler).UsersAuthU-fm (5 handlers)
2026-10-01T14:59:38: [GIN-debug] POST   /api/v2/acc/UsersAuthD    --> service-datahub/handlers.(*AuthHandler).UsersAuthD-fm (5 handlers)
2026-10-01T14:59:38: [GIN-debug] POST   /api/v2/acc/UsersAuthQ    --> service-datahub/handlers.(*AuthHandler).UsersAuthQ-fm (5 handlers)
2026-10-01T14:59:38: [GIN-debug] POST   /api/v2/acc/UsersAuthUStatusAcc --> service-datahub/handlers.(*AuthHandler).UsersAuthUStatusAcc-fm (5 handlers)
2026-10-01T14:59:38: [GIN-debug] POST   /api/v2/acc/UPass2        --> service-datahub/handlers.(*AuthHandler).UpdatePasswords-fm (5 handlers)
2026-10-01T14:59:38: [GIN-debug] POST   /api/v2/role/RoleQ        --> service-datahub/handlers.(*AuthHandler).RoleQ-fm (5 handlers)
2026-10-01T14:59:38: [GIN-debug] POST   /api/v2/role/UserRoleQ    --> service-datahub/handlers.(*AuthHandler).UserRoleQ-fm (5 handlers)
2026-10-01T14:59:38: [GIN-debug] POST   /api/v2/role/UserRoleA    --> service-datahub/handlers.(*AuthHandler).UserRoleA-fm (5 handlers)
2026-10-01T14:59:38: [GIN-debug] POST   /api/v2/role/UserRoleU    --> service-datahub/handlers.(*AuthHandler).UserRoleU-fm (5 handlers)
2026-10-01T14:59:38: [GIN-debug] POST   /api/v2/role/UserRoleD    --> service-datahub/handlers.(*AuthHandler).UserRoleD-fm (5 handlers)
2026-10-01T14:59:38: [GIN-debug] POST   /api/v2/menu/MenuQ        --> service-datahub/handlers.(*AuthHandler).MenuQ-fm (5 handlers)
2026-10-01T14:59:38: [GIN-debug] POST   /api/v2/menu/RootMenuQ    --> service-datahub/handlers.(*AuthHandler).RootMenuQ-fm (5 handlers)
2026-10-01T14:59:38: [GIN-debug] POST   /api/v2/menu/root-menu-Q  --> service-datahub/handlers.(*AuthHandler).RootMenuQ-fm (5 handlers)
2026-10-01T14:59:38: [GIN-debug] POST   /api/v2/system-users/MenuQ --> service-datahub/handlers.(*AuthHandler).MenuQ-fm (5 handlers)
2026-10-01T14:59:38: [GIN-debug] POST   /api/v2/system-users/RootMenuQ --> service-datahub/handlers.(*AuthHandler).RootMenuQ-fm (5 handlers)
2026-10-01T14:59:38: [GIN-debug] POST   /api/v2/system-users/root-menu-Q --> service-datahub/handlers.(*AuthHandler).RootMenuQ-fm (5 handlers)
2026-10-01T14:59:38: [GIN-debug] POST   /api/v2/mssql/system-users/MenuQ --> service-datahub/handlers.(*AuthHandler).MenuQ-fm (5 handlers)
2026-10-01T14:59:38: [GIN-debug] POST   /api/v2/mssql/system-users/RootMenuQ --> service-datahub/handlers.(*AuthHandler).RootMenuQ-fm (5 handlers)
2026-10-01T14:59:38: [GIN-debug] POST   /api/v2/mssql/system-users/root-menu-Q --> service-datahub/handlers.(*AuthHandler).RootMenuQ-fm (5 handlers)
2026-10-01T14:59:38: [GIN-debug] POST   /api/v1/auth/login        --> service-datahub/handlers.(*AuthHandler).Login-fm (4 handlers)
2026-10-01T14:59:38: [GIN-debug] POST   /api/v1/auth/logout       --> service-datahub/handlers.(*AuthHandler).Logout-fm (4 handlers)
2026-10-01T14:59:38: [GIN-debug] POST   /api/v1/auth/session      --> service-datahub/handlers.(*LoginHandler).GetSession-fm (4 handlers)
2026-10-01T14:59:38: [GIN-debug] GET    /api/v1/auth/session      --> service-datahub/handlers.(*LoginHandler).GetSession-fm (4 handlers)
2026-10-01T14:59:38: [GIN-debug] GET    /api/v1/configs           --> service-datahub/handlers.(*ConfigHandler).GetAllConfigs-fm (4 handlers)
2026-10-01T14:59:38: [GIN-debug] POST   /api/v1/configs           --> service-datahub/handlers.(*ConfigHandler).SaveConfig-fm (4 handlers)
2026-10-01T14:59:38: [GIN-debug] POST   /api/v1/configs/all       --> service-datahub/handlers.(*ConfigHandler).GetAllConfigs-fm (4 handlers)
2026-10-01T14:59:38: [GIN-debug] POST   /api/v1/configs/save      --> service-datahub/handlers.(*ConfigHandler).SaveConfig-fm (4 handlers)
2026-10-01T14:59:38: [GIN-debug] POST   /api/v1/configs/get       --> service-datahub/handlers.(*ConfigHandler).GetConfigByKey-fm (4 handlers)
2026-10-01T14:59:38: [GIN-debug] GET    /api/v1/configs/:key      --> service-datahub/handlers.(*ConfigHandler).GetConfigByKey-fm (4 handlers)
2026-10-01T14:59:38: [GIN-debug] DELETE /api/v1/configs/:key      --> service-datahub/handlers.(*ConfigHandler).DeleteConfig-fm (4 handlers)
2026-10-01T14:59:38: [GIN-debug] POST   /api/v1/configs/delete    --> service-datahub/handlers.(*ConfigHandler).DeleteConfig-fm (4 handlers)
2026-10-01T14:59:38: [GIN-debug] POST   /api/v1/datahub/proxy     --> service-datahub/handlers.(*LoginHandler).ProxyForward-fm (4 handlers)
2026-10-01T14:59:38: [GIN-debug] GET    /api/v1/datahub/logs      --> service-datahub/handlers.(*LoginHandler).GetLogs-fm (4 handlers)
2026-10-01T14:59:38: [GIN-debug] POST   /api/v1/datahub/logs      --> service-datahub/handlers.(*LoginHandler).GetLogs-fm (4 handlers)
2026-10-01T14:59:38: [GIN-debug] POST   /api/v1/factories         --> service-datahub/handlers.(*FactoryHandler).GetFactories-fm (4 handlers)
2026-10-01T14:59:38: [GIN-debug] GET    /api/v1/factories         --> service-datahub/handlers.(*FactoryHandler).GetFactories-fm (4 handlers)
2026-10-01T14:59:38: [GIN-debug] POST   /api/v1/work-process      --> service-datahub/handlers.(*WorkProcessHandler).GetWorkProcess-fm (4 handlers)
2026-10-01T14:59:38: [GIN-debug] POST   /api/v1/work-process/query --> service-datahub/handlers.(*WorkProcessHandler).GetWorkProcess-fm (4 handlers)
2026-10-01T14:59:38: [GIN-debug] POST   /api/v1/work-process/factories --> service-datahub/handlers.(*FactoryHandler).GetFactories-fm (4 handlers)
2026-10-01T14:59:38: [GIN-debug] POST   /api/v1/work-process/by-doc --> service-datahub/handlers.(*WorkProcessHandler).GetWorkProcessByDocNo-fm (4 handlers)
2026-10-01T14:59:38: [GIN-debug] GET    /api/v1/work-process      --> service-datahub/handlers.(*WorkProcessHandler).GetWorkProcessByQuery-fm (4 handlers)
2026-10-01T14:59:38: [GIN-debug] GET    /api/v1/work-process/factories --> service-datahub/handlers.(*FactoryHandler).GetFactories-fm (4 handlers)
2026-10-01T14:59:38: [GIN-debug] GET    /api/v1/work-process/:doc_no --> service-datahub/handlers.(*WorkProcessHandler).GetWorkProcessByDocNo-fm (4 handlers)
2026-10-01T14:59:38: [GIN-debug] POST   /api/v1/order-settlement  --> service-datahub/handlers.(*OrderSettlementHandler).GetOrderSettlement-fm (4 handlers)
2026-10-01T14:59:38: [GIN-debug] POST   /api/v1/order-settlement/query --> service-datahub/handlers.(*OrderSettlementHandler).GetOrderSettlement-fm (4 handlers)
2026-10-01T14:59:38: [GIN-debug] GET    /api/v1/order-settlement  --> service-datahub/handlers.(*OrderSettlementHandler).GetOrderSettlement-fm (4 handlers)
2026-10-01T14:59:38: [GIN-debug] POST   /api/v1/lenh-cong-doan    --> service-datahub/handlers.(*WorkProcessHandler).GetWorkProcess-fm (4 handlers)
2026-10-01T14:59:38: [GIN-debug] POST   /api/v1/lenh-cong-doan/query --> service-datahub/handlers.(*WorkProcessHandler).GetWorkProcess-fm (4 handlers)
2026-10-01T14:59:38: [GIN-debug] POST   /api/v1/lenh-cong-doan/factories --> service-datahub/handlers.(*FactoryHandler).GetFactories-fm (4 handlers)
2026-10-01T14:59:38: [GIN-debug] POST   /api/v1/lenh-cong-doan/by-doc --> service-datahub/handlers.(*WorkProcessHandler).GetWorkProcessByDocNo-fm (4 handlers)
2026-10-01T14:59:38: [GIN-debug] GET    /api/v1/lenh-cong-doan    --> service-datahub/handlers.(*WorkProcessHandler).GetWorkProcessByQuery-fm (4 handlers)
2026-10-01T14:59:38: [GIN-debug] GET    /api/v1/lenh-cong-doan/factories --> service-datahub/handlers.(*FactoryHandler).GetFactories-fm (4 handlers)
2026-10-01T14:59:38: [GIN-debug] GET    /api/v1/lenh-cong-doan/:doc_no --> service-datahub/handlers.(*WorkProcessHandler).GetWorkProcessByDocNo-fm (4 handlers)
2026-10-01T14:59:38: [GIN-debug] POST   /api/v1/quyet-toan-lenh   --> service-datahub/handlers.(*OrderSettlementHandler).GetOrderSettlement-fm (4 handlers)
2026-10-01T14:59:38: [GIN-debug] POST   /api/v1/quyet-toan-lenh/query --> service-datahub/handlers.(*OrderSettlementHandler).GetOrderSettlement-fm (4 handlers)
2026-10-01T14:59:38: [GIN-debug] GET    /api/v1/quyet-toan-lenh   --> service-datahub/handlers.(*OrderSettlementHandler).GetOrderSettlement-fm (4 handlers)
2026-10-01T14:59:42: [GIN-debug] [WARNING] Running in "debug" mode. Switch to "release" mode in production.
2026-10-01T14:59:42:  - using env:	export GIN_MODE=release
2026-10-01T14:59:42:  - using code:	gin.SetMode(gin.ReleaseMode)
2026-10-01T14:59:42: 
2026-10-01T14:59:42: [GIN-debug] GET    /health                   --> service-datahub/handlers.(*HealthHandler).HealthCheck-fm (4 handlers)
2026-10-01T14:59:42: [GIN-debug] GET    /                         --> service-datahub/handlers.(*HealthHandler).HealthCheck-fm (4 handlers)
2026-10-01T14:59:42: [GIN-debug] POST   /api/v2/acc/p2/login      --> service-datahub/handlers.(*AuthHandler).Login-fm (5 handlers)
2026-10-01T14:59:42: [GIN-debug] POST   /api/v2/acc/p2/loginApp   --> service-datahub/handlers.(*AuthHandler).Login-fm (5 handlers)
2026-10-01T14:59:42: [GIN-debug] POST   /api/v2/acc/p2/change-password --> service-datahub/handlers.(*AuthHandler).ChangePass-fm (5 handlers)
2026-10-01T14:59:42: [GIN-debug] POST   /api/v2/acc/p2/logout     --> service-datahub/handlers.(*AuthHandler).Logout-fm (5 handlers)
2026-10-01T14:59:42: [GIN-debug] POST   /api/v2/acc/UsersAuthA    --> service-datahub/handlers.(*AuthHandler).UsersAuthA-fm (5 handlers)
2026-10-01T14:59:42: [GIN-debug] POST   /api/v2/acc/UsersAuthU    --> service-datahub/handlers.(*AuthHandler).UsersAuthU-fm (5 handlers)
2026-10-01T14:59:42: [GIN-debug] POST   /api/v2/acc/UsersAuthD    --> service-datahub/handlers.(*AuthHandler).UsersAuthD-fm (5 handlers)
2026-10-01T14:59:42: [GIN-debug] POST   /api/v2/acc/UsersAuthQ    --> service-datahub/handlers.(*AuthHandler).UsersAuthQ-fm (5 handlers)
2026-10-01T14:59:42: [GIN-debug] POST   /api/v2/acc/UsersAuthUStatusAcc --> service-datahub/handlers.(*AuthHandler).UsersAuthUStatusAcc-fm (5 handlers)
2026-10-01T14:59:42: [GIN-debug] POST   /api/v2/acc/UPass2        --> service-datahub/handlers.(*AuthHandler).UpdatePasswords-fm (5 handlers)
2026-10-01T14:59:42: [GIN-debug] POST   /api/v2/role/RoleQ        --> service-datahub/handlers.(*AuthHandler).RoleQ-fm (5 handlers)
2026-10-01T14:59:42: [GIN-debug] POST   /api/v2/role/UserRoleQ    --> service-datahub/handlers.(*AuthHandler).UserRoleQ-fm (5 handlers)
2026-10-01T14:59:42: [GIN-debug] POST   /api/v2/role/UserRoleA    --> service-datahub/handlers.(*AuthHandler).UserRoleA-fm (5 handlers)
2026-10-01T14:59:42: [GIN-debug] POST   /api/v2/role/UserRoleU    --> service-datahub/handlers.(*AuthHandler).UserRoleU-fm (5 handlers)
2026-10-01T14:59:42: [GIN-debug] POST   /api/v2/role/UserRoleD    --> service-datahub/handlers.(*AuthHandler).UserRoleD-fm (5 handlers)
2026-10-01T14:59:42: [GIN-debug] POST   /api/v2/menu/MenuQ        --> service-datahub/handlers.(*AuthHandler).MenuQ-fm (5 handlers)
2026-10-01T14:59:42: [GIN-debug] POST   /api/v2/menu/RootMenuQ    --> service-datahub/handlers.(*AuthHandler).RootMenuQ-fm (5 handlers)
2026-10-01T14:59:42: [GIN-debug] POST   /api/v2/menu/root-menu-Q  --> service-datahub/handlers.(*AuthHandler).RootMenuQ-fm (5 handlers)
2026-10-01T14:59:42: [GIN-debug] POST   /api/v2/system-users/MenuQ --> service-datahub/handlers.(*AuthHandler).MenuQ-fm (5 handlers)
2026-10-01T14:59:42: [GIN-debug] POST   /api/v2/system-users/RootMenuQ --> service-datahub/handlers.(*AuthHandler).RootMenuQ-fm (5 handlers)
2026-10-01T14:59:42: [GIN-debug] POST   /api/v2/system-users/root-menu-Q --> service-datahub/handlers.(*AuthHandler).RootMenuQ-fm (5 handlers)
2026-10-01T14:59:42: [GIN-debug] POST   /api/v2/mssql/system-users/MenuQ --> service-datahub/handlers.(*AuthHandler).MenuQ-fm (5 handlers)
2026-10-01T14:59:42: [GIN-debug] POST   /api/v2/mssql/system-users/RootMenuQ --> service-datahub/handlers.(*AuthHandler).RootMenuQ-fm (5 handlers)
2026-10-01T14:59:42: [GIN-debug] POST   /api/v2/mssql/system-users/root-menu-Q --> service-datahub/handlers.(*AuthHandler).RootMenuQ-fm (5 handlers)
2026-10-01T14:59:42: [GIN-debug] POST   /api/v1/auth/login        --> service-datahub/handlers.(*AuthHandler).Login-fm (4 handlers)
2026-10-01T14:59:42: [GIN-debug] POST   /api/v1/auth/logout       --> service-datahub/handlers.(*AuthHandler).Logout-fm (4 handlers)
2026-10-01T14:59:42: [GIN-debug] POST   /api/v1/auth/session      --> service-datahub/handlers.(*LoginHandler).GetSession-fm (4 handlers)
2026-10-01T14:59:42: [GIN-debug] GET    /api/v1/auth/session      --> service-datahub/handlers.(*LoginHandler).GetSession-fm (4 handlers)
2026-10-01T14:59:42: [GIN-debug] GET    /api/v1/configs           --> service-datahub/handlers.(*ConfigHandler).GetAllConfigs-fm (4 handlers)
2026-10-01T14:59:42: [GIN-debug] POST   /api/v1/configs           --> service-datahub/handlers.(*ConfigHandler).SaveConfig-fm (4 handlers)
2026-10-01T14:59:42: [GIN-debug] POST   /api/v1/configs/all       --> service-datahub/handlers.(*ConfigHandler).GetAllConfigs-fm (4 handlers)
2026-10-01T14:59:42: [GIN-debug] POST   /api/v1/configs/save      --> service-datahub/handlers.(*ConfigHandler).SaveConfig-fm (4 handlers)
2026-10-01T14:59:42: [GIN-debug] POST   /api/v1/configs/get       --> service-datahub/handlers.(*ConfigHandler).GetConfigByKey-fm (4 handlers)
2026-10-01T14:59:42: [GIN-debug] GET    /api/v1/configs/:key      --> service-datahub/handlers.(*ConfigHandler).GetConfigByKey-fm (4 handlers)
2026-10-01T14:59:42: [GIN-debug] DELETE /api/v1/configs/:key      --> service-datahub/handlers.(*ConfigHandler).DeleteConfig-fm (4 handlers)
2026-10-01T14:59:42: [GIN-debug] POST   /api/v1/configs/delete    --> service-datahub/handlers.(*ConfigHandler).DeleteConfig-fm (4 handlers)
2026-10-01T14:59:42: [GIN-debug] POST   /api/v1/datahub/proxy     --> service-datahub/handlers.(*LoginHandler).ProxyForward-fm (4 handlers)
2026-10-01T14:59:42: [GIN-debug] GET    /api/v1/datahub/logs      --> service-datahub/handlers.(*LoginHandler).GetLogs-fm (4 handlers)
2026-10-01T14:59:42: [GIN-debug] POST   /api/v1/datahub/logs      --> service-datahub/handlers.(*LoginHandler).GetLogs-fm (4 handlers)
2026-10-01T14:59:42: [GIN-debug] POST   /api/v1/factories         --> service-datahub/handlers.(*FactoryHandler).GetFactories-fm (4 handlers)
2026-10-01T14:59:42: [GIN-debug] GET    /api/v1/factories         --> service-datahub/handlers.(*FactoryHandler).GetFactories-fm (4 handlers)
2026-10-01T14:59:42: [GIN-debug] POST   /api/v1/work-process      --> service-datahub/handlers.(*WorkProcessHandler).GetWorkProcess-fm (4 handlers)
2026-10-01T14:59:42: [GIN-debug] POST   /api/v1/work-process/query --> service-datahub/handlers.(*WorkProcessHandler).GetWorkProcess-fm (4 handlers)
2026-10-01T14:59:42: [GIN-debug] POST   /api/v1/work-process/factories --> service-datahub/handlers.(*FactoryHandler).GetFactories-fm (4 handlers)
2026-10-01T14:59:42: [GIN-debug] POST   /api/v1/work-process/by-doc --> service-datahub/handlers.(*WorkProcessHandler).GetWorkProcessByDocNo-fm (4 handlers)
2026-10-01T14:59:42: [GIN-debug] GET    /api/v1/work-process      --> service-datahub/handlers.(*WorkProcessHandler).GetWorkProcessByQuery-fm (4 handlers)
2026-10-01T14:59:42: [GIN-debug] GET    /api/v1/work-process/factories --> service-datahub/handlers.(*FactoryHandler).GetFactories-fm (4 handlers)
2026-10-01T14:59:42: [GIN-debug] GET    /api/v1/work-process/:doc_no --> service-datahub/handlers.(*WorkProcessHandler).GetWorkProcessByDocNo-fm (4 handlers)
2026-10-01T14:59:42: [GIN-debug] POST   /api/v1/order-settlement  --> service-datahub/handlers.(*OrderSettlementHandler).GetOrderSettlement-fm (4 handlers)
2026-10-01T14:59:42: [GIN-debug] POST   /api/v1/order-settlement/query --> service-datahub/handlers.(*OrderSettlementHandler).GetOrderSettlement-fm (4 handlers)
2026-10-01T14:59:42: [GIN-debug] GET    /api/v1/order-settlement  --> service-datahub/handlers.(*OrderSettlementHandler).GetOrderSettlement-fm (4 handlers)
2026-10-01T14:59:42: [GIN-debug] POST   /api/v1/lenh-cong-doan    --> service-datahub/handlers.(*WorkProcessHandler).GetWorkProcess-fm (4 handlers)
2026-10-01T14:59:42: [GIN-debug] POST   /api/v1/lenh-cong-doan/query --> service-datahub/handlers.(*WorkProcessHandler).GetWorkProcess-fm (4 handlers)
2026-10-01T14:59:42: [GIN-debug] POST   /api/v1/lenh-cong-doan/factories --> service-datahub/handlers.(*FactoryHandler).GetFactories-fm (4 handlers)
2026-10-01T14:59:42: [GIN-debug] POST   /api/v1/lenh-cong-doan/by-doc --> service-datahub/handlers.(*WorkProcessHandler).GetWorkProcessByDocNo-fm (4 handlers)
2026-10-01T14:59:42: [GIN-debug] GET    /api/v1/lenh-cong-doan    --> service-datahub/handlers.(*WorkProcessHandler).GetWorkProcessByQuery-fm (4 handlers)
2026-10-01T14:59:42: [GIN-debug] GET    /api/v1/lenh-cong-doan/factories --> service-datahub/handlers.(*FactoryHandler).GetFactories-fm (4 handlers)
2026-10-01T14:59:42: [GIN-debug] GET    /api/v1/lenh-cong-doan/:doc_no --> service-datahub/handlers.(*WorkProcessHandler).GetWorkProcessByDocNo-fm (4 handlers)
2026-10-01T14:59:42: [GIN-debug] POST   /api/v1/quyet-toan-lenh   --> service-datahub/handlers.(*OrderSettlementHandler).GetOrderSettlement-fm (4 handlers)
2026-10-01T14:59:42: [GIN-debug] POST   /api/v1/quyet-toan-lenh/query --> service-datahub/handlers.(*OrderSettlementHandler).GetOrderSettlement-fm (4 handlers)
2026-10-01T14:59:42: [GIN-debug] GET    /api/v1/quyet-toan-lenh   --> service-datahub/handlers.(*OrderSettlementHandler).GetOrderSettlement-fm (4 handlers)
2026-10-01T14:59:45: [GIN-debug] [WARNING] Running in "debug" mode. Switch to "release" mode in production.
2026-10-01T14:59:45:  - using env:	export GIN_MODE=release
2026-10-01T14:59:45:  - using code:	gin.SetMode(gin.ReleaseMode)
2026-10-01T14:59:45: 
2026-10-01T14:59:45: [GIN-debug] GET    /health                   --> service-datahub/handlers.(*HealthHandler).HealthCheck-fm (4 handlers)
2026-10-01T14:59:45: [GIN-debug] GET    /                         --> service-datahub/handlers.(*HealthHandler).HealthCheck-fm (4 handlers)
2026-10-01T14:59:45: [GIN-debug] POST   /api/v2/acc/p2/login      --> service-datahub/handlers.(*AuthHandler).Login-fm (5 handlers)
2026-10-01T14:59:45: [GIN-debug] POST   /api/v2/acc/p2/loginApp   --> service-datahub/handlers.(*AuthHandler).Login-fm (5 handlers)
2026-10-01T14:59:45: [GIN-debug] POST   /api/v2/acc/p2/change-password --> service-datahub/handlers.(*AuthHandler).ChangePass-fm (5 handlers)
2026-10-01T14:59:45: [GIN-debug] POST   /api/v2/acc/p2/logout     --> service-datahub/handlers.(*AuthHandler).Logout-fm (5 handlers)
2026-10-01T14:59:45: [GIN-debug] POST   /api/v2/acc/UsersAuthA    --> service-datahub/handlers.(*AuthHandler).UsersAuthA-fm (5 handlers)
2026-10-01T14:59:45: [GIN-debug] POST   /api/v2/acc/UsersAuthU    --> service-datahub/handlers.(*AuthHandler).UsersAuthU-fm (5 handlers)
2026-10-01T14:59:45: [GIN-debug] POST   /api/v2/acc/UsersAuthD    --> service-datahub/handlers.(*AuthHandler).UsersAuthD-fm (5 handlers)
2026-10-01T14:59:45: [GIN-debug] POST   /api/v2/acc/UsersAuthQ    --> service-datahub/handlers.(*AuthHandler).UsersAuthQ-fm (5 handlers)
2026-10-01T14:59:45: [GIN-debug] POST   /api/v2/acc/UsersAuthUStatusAcc --> service-datahub/handlers.(*AuthHandler).UsersAuthUStatusAcc-fm (5 handlers)
2026-10-01T14:59:45: [GIN-debug] POST   /api/v2/acc/UPass2        --> service-datahub/handlers.(*AuthHandler).UpdatePasswords-fm (5 handlers)
2026-10-01T14:59:45: [GIN-debug] POST   /api/v2/role/RoleQ        --> service-datahub/handlers.(*AuthHandler).RoleQ-fm (5 handlers)
2026-10-01T14:59:45: [GIN-debug] POST   /api/v2/role/UserRoleQ    --> service-datahub/handlers.(*AuthHandler).UserRoleQ-fm (5 handlers)
2026-10-01T14:59:45: [GIN-debug] POST   /api/v2/role/UserRoleA    --> service-datahub/handlers.(*AuthHandler).UserRoleA-fm (5 handlers)
2026-10-01T14:59:45: [GIN-debug] POST   /api/v2/role/UserRoleU    --> service-datahub/handlers.(*AuthHandler).UserRoleU-fm (5 handlers)
2026-10-01T14:59:45: [GIN-debug] POST   /api/v2/role/UserRoleD    --> service-datahub/handlers.(*AuthHandler).UserRoleD-fm (5 handlers)
2026-10-01T14:59:45: [GIN-debug] POST   /api/v2/menu/MenuQ        --> service-datahub/handlers.(*AuthHandler).MenuQ-fm (5 handlers)
2026-10-01T14:59:45: [GIN-debug] POST   /api/v2/menu/RootMenuQ    --> service-datahub/handlers.(*AuthHandler).RootMenuQ-fm (5 handlers)
2026-10-01T14:59:45: [GIN-debug] POST   /api/v2/menu/root-menu-Q  --> service-datahub/handlers.(*AuthHandler).RootMenuQ-fm (5 handlers)
2026-10-01T14:59:45: [GIN-debug] POST   /api/v2/system-users/MenuQ --> service-datahub/handlers.(*AuthHandler).MenuQ-fm (5 handlers)
2026-10-01T14:59:45: [GIN-debug] POST   /api/v2/system-users/RootMenuQ --> service-datahub/handlers.(*AuthHandler).RootMenuQ-fm (5 handlers)
2026-10-01T14:59:45: [GIN-debug] POST   /api/v2/system-users/root-menu-Q --> service-datahub/handlers.(*AuthHandler).RootMenuQ-fm (5 handlers)
2026-10-01T14:59:45: [GIN-debug] POST   /api/v2/mssql/system-users/MenuQ --> service-datahub/handlers.(*AuthHandler).MenuQ-fm (5 handlers)
2026-10-01T14:59:45: [GIN-debug] POST   /api/v2/mssql/system-users/RootMenuQ --> service-datahub/handlers.(*AuthHandler).RootMenuQ-fm (5 handlers)
2026-10-01T14:59:45: [GIN-debug] POST   /api/v2/mssql/system-users/root-menu-Q --> service-datahub/handlers.(*AuthHandler).RootMenuQ-fm (5 handlers)
2026-10-01T14:59:45: [GIN-debug] POST   /api/v1/auth/login        --> service-datahub/handlers.(*AuthHandler).Login-fm (4 handlers)
2026-10-01T14:59:45: [GIN-debug] POST   /api/v1/auth/logout       --> service-datahub/handlers.(*AuthHandler).Logout-fm (4 handlers)
2026-10-01T14:59:45: [GIN-debug] POST   /api/v1/auth/session      --> service-datahub/handlers.(*LoginHandler).GetSession-fm (4 handlers)
2026-10-01T14:59:45: [GIN-debug] GET    /api/v1/auth/session      --> service-datahub/handlers.(*LoginHandler).GetSession-fm (4 handlers)
2026-10-01T14:59:45: [GIN-debug] GET    /api/v1/configs           --> service-datahub/handlers.(*ConfigHandler).GetAllConfigs-fm (4 handlers)
2026-10-01T14:59:45: [GIN-debug] POST   /api/v1/configs           --> service-datahub/handlers.(*ConfigHandler).SaveConfig-fm (4 handlers)
2026-10-01T14:59:45: [GIN-debug] POST   /api/v1/configs/all       --> service-datahub/handlers.(*ConfigHandler).GetAllConfigs-fm (4 handlers)
2026-10-01T14:59:45: [GIN-debug] POST   /api/v1/configs/save      --> service-datahub/handlers.(*ConfigHandler).SaveConfig-fm (4 handlers)
2026-10-01T14:59:45: [GIN-debug] POST   /api/v1/configs/get       --> service-datahub/handlers.(*ConfigHandler).GetConfigByKey-fm (4 handlers)
2026-10-01T14:59:45: [GIN-debug] GET    /api/v1/configs/:key      --> service-datahub/handlers.(*ConfigHandler).GetConfigByKey-fm (4 handlers)
2026-10-01T14:59:45: [GIN-debug] DELETE /api/v1/configs/:key      --> service-datahub/handlers.(*ConfigHandler).DeleteConfig-fm (4 handlers)
2026-10-01T14:59:45: [GIN-debug] POST   /api/v1/configs/delete    --> service-datahub/handlers.(*ConfigHandler).DeleteConfig-fm (4 handlers)
2026-10-01T14:59:45: [GIN-debug] POST   /api/v1/datahub/proxy     --> service-datahub/handlers.(*LoginHandler).ProxyForward-fm (4 handlers)
2026-10-01T14:59:45: [GIN-debug] GET    /api/v1/datahub/logs      --> service-datahub/handlers.(*LoginHandler).GetLogs-fm (4 handlers)
2026-10-01T14:59:45: [GIN-debug] POST   /api/v1/datahub/logs      --> service-datahub/handlers.(*LoginHandler).GetLogs-fm (4 handlers)
2026-10-01T14:59:45: [GIN-debug] POST   /api/v1/factories         --> service-datahub/handlers.(*FactoryHandler).GetFactories-fm (4 handlers)
2026-10-01T14:59:45: [GIN-debug] GET    /api/v1/factories         --> service-datahub/handlers.(*FactoryHandler).GetFactories-fm (4 handlers)
2026-10-01T14:59:45: [GIN-debug] POST   /api/v1/work-process      --> service-datahub/handlers.(*WorkProcessHandler).GetWorkProcess-fm (4 handlers)
2026-10-01T14:59:45: [GIN-debug] POST   /api/v1/work-process/query --> service-datahub/handlers.(*WorkProcessHandler).GetWorkProcess-fm (4 handlers)
2026-10-01T14:59:45: [GIN-debug] POST   /api/v1/work-process/factories --> service-datahub/handlers.(*FactoryHandler).GetFactories-fm (4 handlers)
2026-10-01T14:59:45: [GIN-debug] POST   /api/v1/work-process/by-doc --> service-datahub/handlers.(*WorkProcessHandler).GetWorkProcessByDocNo-fm (4 handlers)
2026-10-01T14:59:45: [GIN-debug] GET    /api/v1/work-process      --> service-datahub/handlers.(*WorkProcessHandler).GetWorkProcessByQuery-fm (4 handlers)
2026-10-01T14:59:45: [GIN-debug] GET    /api/v1/work-process/factories --> service-datahub/handlers.(*FactoryHandler).GetFactories-fm (4 handlers)
2026-10-01T14:59:45: [GIN-debug] GET    /api/v1/work-process/:doc_no --> service-datahub/handlers.(*WorkProcessHandler).GetWorkProcessByDocNo-fm (4 handlers)
2026-10-01T14:59:45: [GIN-debug] POST   /api/v1/order-settlement  --> service-datahub/handlers.(*OrderSettlementHandler).GetOrderSettlement-fm (4 handlers)
2026-10-01T14:59:45: [GIN-debug] POST   /api/v1/order-settlement/query --> service-datahub/handlers.(*OrderSettlementHandler).GetOrderSettlement-fm (4 handlers)
2026-10-01T14:59:45: [GIN-debug] GET    /api/v1/order-settlement  --> service-datahub/handlers.(*OrderSettlementHandler).GetOrderSettlement-fm (4 handlers)
2026-10-01T14:59:45: [GIN-debug] POST   /api/v1/lenh-cong-doan    --> service-datahub/handlers.(*WorkProcessHandler).GetWorkProcess-fm (4 handlers)
2026-10-01T14:59:45: [GIN-debug] POST   /api/v1/lenh-cong-doan/query --> service-datahub/handlers.(*WorkProcessHandler).GetWorkProcess-fm (4 handlers)
2026-10-01T14:59:45: [GIN-debug] POST   /api/v1/lenh-cong-doan/factories --> service-datahub/handlers.(*FactoryHandler).GetFactories-fm (4 handlers)
2026-10-01T14:59:45: [GIN-debug] POST   /api/v1/lenh-cong-doan/by-doc --> service-datahub/handlers.(*WorkProcessHandler).GetWorkProcessByDocNo-fm (4 handlers)
2026-10-01T14:59:45: [GIN-debug] GET    /api/v1/lenh-cong-doan    --> service-datahub/handlers.(*WorkProcessHandler).GetWorkProcessByQuery-fm (4 handlers)
2026-10-01T14:59:45: [GIN-debug] GET    /api/v1/lenh-cong-doan/factories --> service-datahub/handlers.(*FactoryHandler).GetFactories-fm (4 handlers)
2026-10-01T14:59:45: [GIN-debug] GET    /api/v1/lenh-cong-doan/:doc_no --> service-datahub/handlers.(*WorkProcessHandler).GetWorkProcessByDocNo-fm (4 handlers)
2026-10-01T14:59:45: [GIN-debug] POST   /api/v1/quyet-toan-lenh   --> service-datahub/handlers.(*OrderSettlementHandler).GetOrderSettlement-fm (4 handlers)
2026-10-01T14:59:45: [GIN-debug] POST   /api/v1/quyet-toan-lenh/query --> service-datahub/handlers.(*OrderSettlementHandler).GetOrderSettlement-fm (4 handlers)
2026-10-01T14:59:45: [GIN-debug] GET    /api/v1/quyet-toan-lenh   --> service-datahub/handlers.(*OrderSettlementHandler).GetOrderSettlement-fm (4 handlers)
2026-10-01T14:59:48: [GIN-debug] [WARNING] Running in "debug" mode. Switch to "release" mode in production.
2026-10-01T14:59:48:  - using env:	export GIN_MODE=release
2026-10-01T14:59:48:  - using code:	gin.SetMode(gin.ReleaseMode)
2026-10-01T14:59:48: 
2026-10-01T14:59:48: [GIN-debug] GET    /health                   --> service-datahub/handlers.(*HealthHandler).HealthCheck-fm (4 handlers)
2026-10-01T14:59:48: [GIN-debug] GET    /                         --> service-datahub/handlers.(*HealthHandler).HealthCheck-fm (4 handlers)
2026-10-01T14:59:48: [GIN-debug] POST   /api/v2/acc/p2/login      --> service-datahub/handlers.(*AuthHandler).Login-fm (5 handlers)
2026-10-01T14:59:48: [GIN-debug] POST   /api/v2/acc/p2/loginApp   --> service-datahub/handlers.(*AuthHandler).Login-fm (5 handlers)
2026-10-01T14:59:48: [GIN-debug] POST   /api/v2/acc/p2/change-password --> service-datahub/handlers.(*AuthHandler).ChangePass-fm (5 handlers)
2026-10-01T14:59:48: [GIN-debug] POST   /api/v2/acc/p2/logout     --> service-datahub/handlers.(*AuthHandler).Logout-fm (5 handlers)
2026-10-01T14:59:48: [GIN-debug] POST   /api/v2/acc/UsersAuthA    --> service-datahub/handlers.(*AuthHandler).UsersAuthA-fm (5 handlers)
2026-10-01T14:59:48: [GIN-debug] POST   /api/v2/acc/UsersAuthU    --> service-datahub/handlers.(*AuthHandler).UsersAuthU-fm (5 handlers)
2026-10-01T14:59:48: [GIN-debug] POST   /api/v2/acc/UsersAuthD    --> service-datahub/handlers.(*AuthHandler).UsersAuthD-fm (5 handlers)
2026-10-01T14:59:48: [GIN-debug] POST   /api/v2/acc/UsersAuthQ    --> service-datahub/handlers.(*AuthHandler).UsersAuthQ-fm (5 handlers)
2026-10-01T14:59:48: [GIN-debug] POST   /api/v2/acc/UsersAuthUStatusAcc --> service-datahub/handlers.(*AuthHandler).UsersAuthUStatusAcc-fm (5 handlers)
2026-10-01T14:59:48: [GIN-debug] POST   /api/v2/acc/UPass2        --> service-datahub/handlers.(*AuthHandler).UpdatePasswords-fm (5 handlers)
2026-10-01T14:59:48: [GIN-debug] POST   /api/v2/role/RoleQ        --> service-datahub/handlers.(*AuthHandler).RoleQ-fm (5 handlers)
2026-10-01T14:59:48: [GIN-debug] POST   /api/v2/role/UserRoleQ    --> service-datahub/handlers.(*AuthHandler).UserRoleQ-fm (5 handlers)
2026-10-01T14:59:48: [GIN-debug] POST   /api/v2/role/UserRoleA    --> service-datahub/handlers.(*AuthHandler).UserRoleA-fm (5 handlers)
2026-10-01T14:59:48: [GIN-debug] POST   /api/v2/role/UserRoleU    --> service-datahub/handlers.(*AuthHandler).UserRoleU-fm (5 handlers)
2026-10-01T14:59:48: [GIN-debug] POST   /api/v2/role/UserRoleD    --> service-datahub/handlers.(*AuthHandler).UserRoleD-fm (5 handlers)
2026-10-01T14:59:48: [GIN-debug] POST   /api/v2/menu/MenuQ        --> service-datahub/handlers.(*AuthHandler).MenuQ-fm (5 handlers)
2026-10-01T14:59:48: [GIN-debug] POST   /api/v2/menu/RootMenuQ    --> service-datahub/handlers.(*AuthHandler).RootMenuQ-fm (5 handlers)
2026-10-01T14:59:48: [GIN-debug] POST   /api/v2/menu/root-menu-Q  --> service-datahub/handlers.(*AuthHandler).RootMenuQ-fm (5 handlers)
2026-10-01T14:59:48: [GIN-debug] POST   /api/v2/system-users/MenuQ --> service-datahub/handlers.(*AuthHandler).MenuQ-fm (5 handlers)
2026-10-01T14:59:48: [GIN-debug] POST   /api/v2/system-users/RootMenuQ --> service-datahub/handlers.(*AuthHandler).RootMenuQ-fm (5 handlers)
2026-10-01T14:59:48: [GIN-debug] POST   /api/v2/system-users/root-menu-Q --> service-datahub/handlers.(*AuthHandler).RootMenuQ-fm (5 handlers)
2026-10-01T14:59:48: [GIN-debug] POST   /api/v2/mssql/system-users/MenuQ --> service-datahub/handlers.(*AuthHandler).MenuQ-fm (5 handlers)
2026-10-01T14:59:48: [GIN-debug] POST   /api/v2/mssql/system-users/RootMenuQ --> service-datahub/handlers.(*AuthHandler).RootMenuQ-fm (5 handlers)
2026-10-01T14:59:48: [GIN-debug] POST   /api/v2/mssql/system-users/root-menu-Q --> service-datahub/handlers.(*AuthHandler).RootMenuQ-fm (5 handlers)
2026-10-01T14:59:48: [GIN-debug] POST   /api/v1/auth/login        --> service-datahub/handlers.(*AuthHandler).Login-fm (4 handlers)
2026-10-01T14:59:48: [GIN-debug] POST   /api/v1/auth/logout       --> service-datahub/handlers.(*AuthHandler).Logout-fm (4 handlers)
2026-10-01T14:59:48: [GIN-debug] POST   /api/v1/auth/session      --> service-datahub/handlers.(*LoginHandler).GetSession-fm (4 handlers)
2026-10-01T14:59:48: [GIN-debug] GET    /api/v1/auth/session      --> service-datahub/handlers.(*LoginHandler).GetSession-fm (4 handlers)
2026-10-01T14:59:48: [GIN-debug] GET    /api/v1/configs           --> service-datahub/handlers.(*ConfigHandler).GetAllConfigs-fm (4 handlers)
2026-10-01T14:59:48: [GIN-debug] POST   /api/v1/configs           --> service-datahub/handlers.(*ConfigHandler).SaveConfig-fm (4 handlers)
2026-10-01T14:59:48: [GIN-debug] POST   /api/v1/configs/all       --> service-datahub/handlers.(*ConfigHandler).GetAllConfigs-fm (4 handlers)
2026-10-01T14:59:48: [GIN-debug] POST   /api/v1/configs/save      --> service-datahub/handlers.(*ConfigHandler).SaveConfig-fm (4 handlers)
2026-10-01T14:59:48: [GIN-debug] POST   /api/v1/configs/get       --> service-datahub/handlers.(*ConfigHandler).GetConfigByKey-fm (4 handlers)
2026-10-01T14:59:48: [GIN-debug] GET    /api/v1/configs/:key      --> service-datahub/handlers.(*ConfigHandler).GetConfigByKey-fm (4 handlers)
2026-10-01T14:59:48: [GIN-debug] DELETE /api/v1/configs/:key      --> service-datahub/handlers.(*ConfigHandler).DeleteConfig-fm (4 handlers)
2026-10-01T14:59:48: [GIN-debug] POST   /api/v1/configs/delete    --> service-datahub/handlers.(*ConfigHandler).DeleteConfig-fm (4 handlers)
2026-10-01T14:59:48: [GIN-debug] POST   /api/v1/datahub/proxy     --> service-datahub/handlers.(*LoginHandler).ProxyForward-fm (4 handlers)
2026-10-01T14:59:48: [GIN-debug] GET    /api/v1/datahub/logs      --> service-datahub/handlers.(*LoginHandler).GetLogs-fm (4 handlers)
2026-10-01T14:59:48: [GIN-debug] POST   /api/v1/datahub/logs      --> service-datahub/handlers.(*LoginHandler).GetLogs-fm (4 handlers)
2026-10-01T14:59:48: [GIN-debug] POST   /api/v1/factories         --> service-datahub/handlers.(*FactoryHandler).GetFactories-fm (4 handlers)
2026-10-01T14:59:48: [GIN-debug] GET    /api/v1/factories         --> service-datahub/handlers.(*FactoryHandler).GetFactories-fm (4 handlers)
2026-10-01T14:59:48: [GIN-debug] POST   /api/v1/work-process      --> service-datahub/handlers.(*WorkProcessHandler).GetWorkProcess-fm (4 handlers)
2026-10-01T14:59:48: [GIN-debug] POST   /api/v1/work-process/query --> service-datahub/handlers.(*WorkProcessHandler).GetWorkProcess-fm (4 handlers)
2026-10-01T14:59:48: [GIN-debug] POST   /api/v1/work-process/factories --> service-datahub/handlers.(*FactoryHandler).GetFactories-fm (4 handlers)
2026-10-01T14:59:48: [GIN-debug] POST   /api/v1/work-process/by-doc --> service-datahub/handlers.(*WorkProcessHandler).GetWorkProcessByDocNo-fm (4 handlers)
2026-10-01T14:59:48: [GIN-debug] GET    /api/v1/work-process      --> service-datahub/handlers.(*WorkProcessHandler).GetWorkProcessByQuery-fm (4 handlers)
2026-10-01T14:59:48: [GIN-debug] GET    /api/v1/work-process/factories --> service-datahub/handlers.(*FactoryHandler).GetFactories-fm (4 handlers)
2026-10-01T14:59:48: [GIN-debug] GET    /api/v1/work-process/:doc_no --> service-datahub/handlers.(*WorkProcessHandler).GetWorkProcessByDocNo-fm (4 handlers)
2026-10-01T14:59:48: [GIN-debug] POST   /api/v1/order-settlement  --> service-datahub/handlers.(*OrderSettlementHandler).GetOrderSettlement-fm (4 handlers)
2026-10-01T14:59:48: [GIN-debug] POST   /api/v1/order-settlement/query --> service-datahub/handlers.(*OrderSettlementHandler).GetOrderSettlement-fm (4 handlers)
2026-10-01T14:59:48: [GIN-debug] GET    /api/v1/order-settlement  --> service-datahub/handlers.(*OrderSettlementHandler).GetOrderSettlement-fm (4 handlers)
2026-10-01T14:59:48: [GIN-debug] POST   /api/v1/lenh-cong-doan    --> service-datahub/handlers.(*WorkProcessHandler).GetWorkProcess-fm (4 handlers)
2026-10-01T14:59:48: [GIN-debug] POST   /api/v1/lenh-cong-doan/query --> service-datahub/handlers.(*WorkProcessHandler).GetWorkProcess-fm (4 handlers)
2026-10-01T14:59:48: [GIN-debug] POST   /api/v1/lenh-cong-doan/factories --> service-datahub/handlers.(*FactoryHandler).GetFactories-fm (4 handlers)
2026-10-01T14:59:48: [GIN-debug] POST   /api/v1/lenh-cong-doan/by-doc --> service-datahub/handlers.(*WorkProcessHandler).GetWorkProcessByDocNo-fm (4 handlers)
2026-10-01T14:59:48: [GIN-debug] GET    /api/v1/lenh-cong-doan    --> service-datahub/handlers.(*WorkProcessHandler).GetWorkProcessByQuery-fm (4 handlers)
2026-10-01T14:59:48: [GIN-debug] GET    /api/v1/lenh-cong-doan/factories --> service-datahub/handlers.(*FactoryHandler).GetFactories-fm (4 handlers)
2026-10-01T14:59:48: [GIN-debug] GET    /api/v1/lenh-cong-doan/:doc_no --> service-datahub/handlers.(*WorkProcessHandler).GetWorkProcessByDocNo-fm (4 handlers)
2026-10-01T14:59:48: [GIN-debug] POST   /api/v1/quyet-toan-lenh   --> service-datahub/handlers.(*OrderSettlementHandler).GetOrderSettlement-fm (4 handlers)
2026-10-01T14:59:48: [GIN-debug] POST   /api/v1/quyet-toan-lenh/query --> service-datahub/handlers.(*OrderSettlementHandler).GetOrderSettlement-fm (4 handlers)
2026-10-01T14:59:48: [GIN-debug] GET    /api/v1/quyet-toan-lenh   --> service-datahub/handlers.(*OrderSettlementHandler).GetOrderSettlement-fm (4 handlers)
2026-10-01T14:59:51: [GIN-debug] [WARNING] Running in "debug" mode. Switch to "release" mode in production.
2026-10-01T14:59:51:  - using env:	export GIN_MODE=release
2026-10-01T14:59:51:  - using code:	gin.SetMode(gin.ReleaseMode)
2026-10-01T14:59:51: 
2026-10-01T14:59:51: [GIN-debug] GET    /health                   --> service-datahub/handlers.(*HealthHandler).HealthCheck-fm (4 handlers)
2026-10-01T14:59:51: [GIN-debug] GET    /                         --> service-datahub/handlers.(*HealthHandler).HealthCheck-fm (4 handlers)
2026-10-01T14:59:51: [GIN-debug] POST   /api/v2/acc/p2/login      --> service-datahub/handlers.(*AuthHandler).Login-fm (5 handlers)
2026-10-01T14:59:51: [GIN-debug] POST   /api/v2/acc/p2/loginApp   --> service-datahub/handlers.(*AuthHandler).Login-fm (5 handlers)
2026-10-01T14:59:51: [GIN-debug] POST   /api/v2/acc/p2/change-password --> service-datahub/handlers.(*AuthHandler).ChangePass-fm (5 handlers)
2026-10-01T14:59:51: [GIN-debug] POST   /api/v2/acc/p2/logout     --> service-datahub/handlers.(*AuthHandler).Logout-fm (5 handlers)
2026-10-01T14:59:51: [GIN-debug] POST   /api/v2/acc/UsersAuthA    --> service-datahub/handlers.(*AuthHandler).UsersAuthA-fm (5 handlers)
2026-10-01T14:59:51: [GIN-debug] POST   /api/v2/acc/UsersAuthU    --> service-datahub/handlers.(*AuthHandler).UsersAuthU-fm (5 handlers)
2026-10-01T14:59:51: [GIN-debug] POST   /api/v2/acc/UsersAuthD    --> service-datahub/handlers.(*AuthHandler).UsersAuthD-fm (5 handlers)
2026-10-01T14:59:51: [GIN-debug] POST   /api/v2/acc/UsersAuthQ    --> service-datahub/handlers.(*AuthHandler).UsersAuthQ-fm (5 handlers)
2026-10-01T14:59:51: [GIN-debug] POST   /api/v2/acc/UsersAuthUStatusAcc --> service-datahub/handlers.(*AuthHandler).UsersAuthUStatusAcc-fm (5 handlers)
2026-10-01T14:59:51: [GIN-debug] POST   /api/v2/acc/UPass2        --> service-datahub/handlers.(*AuthHandler).UpdatePasswords-fm (5 handlers)
2026-10-01T14:59:51: [GIN-debug] POST   /api/v2/role/RoleQ        --> service-datahub/handlers.(*AuthHandler).RoleQ-fm (5 handlers)
2026-10-01T14:59:51: [GIN-debug] POST   /api/v2/role/UserRoleQ    --> service-datahub/handlers.(*AuthHandler).UserRoleQ-fm (5 handlers)
2026-10-01T14:59:51: [GIN-debug] POST   /api/v2/role/UserRoleA    --> service-datahub/handlers.(*AuthHandler).UserRoleA-fm (5 handlers)
2026-10-01T14:59:51: [GIN-debug] POST   /api/v2/role/UserRoleU    --> service-datahub/handlers.(*AuthHandler).UserRoleU-fm (5 handlers)
2026-10-01T14:59:51: [GIN-debug] POST   /api/v2/role/UserRoleD    --> service-datahub/handlers.(*AuthHandler).UserRoleD-fm (5 handlers)
2026-10-01T14:59:51: [GIN-debug] POST   /api/v2/menu/MenuQ        --> service-datahub/handlers.(*AuthHandler).MenuQ-fm (5 handlers)
2026-10-01T14:59:51: [GIN-debug] POST   /api/v2/menu/RootMenuQ    --> service-datahub/handlers.(*AuthHandler).RootMenuQ-fm (5 handlers)
2026-10-01T14:59:51: [GIN-debug] POST   /api/v2/menu/root-menu-Q  --> service-datahub/handlers.(*AuthHandler).RootMenuQ-fm (5 handlers)
2026-10-01T14:59:51: [GIN-debug] POST   /api/v2/system-users/MenuQ --> service-datahub/handlers.(*AuthHandler).MenuQ-fm (5 handlers)
2026-10-01T14:59:51: [GIN-debug] POST   /api/v2/system-users/RootMenuQ --> service-datahub/handlers.(*AuthHandler).RootMenuQ-fm (5 handlers)
2026-10-01T14:59:51: [GIN-debug] POST   /api/v2/system-users/root-menu-Q --> service-datahub/handlers.(*AuthHandler).RootMenuQ-fm (5 handlers)
2026-10-01T14:59:51: [GIN-debug] POST   /api/v2/mssql/system-users/MenuQ --> service-datahub/handlers.(*AuthHandler).MenuQ-fm (5 handlers)
2026-10-01T14:59:51: [GIN-debug] POST   /api/v2/mssql/system-users/RootMenuQ --> service-datahub/handlers.(*AuthHandler).RootMenuQ-fm (5 handlers)
2026-10-01T14:59:51: [GIN-debug] POST   /api/v2/mssql/system-users/root-menu-Q --> service-datahub/handlers.(*AuthHandler).RootMenuQ-fm (5 handlers)
2026-10-01T14:59:51: [GIN-debug] POST   /api/v1/auth/login        --> service-datahub/handlers.(*AuthHandler).Login-fm (4 handlers)
2026-10-01T14:59:51: [GIN-debug] POST   /api/v1/auth/logout       --> service-datahub/handlers.(*AuthHandler).Logout-fm (4 handlers)
2026-10-01T14:59:51: [GIN-debug] POST   /api/v1/auth/session      --> service-datahub/handlers.(*LoginHandler).GetSession-fm (4 handlers)
2026-10-01T14:59:51: [GIN-debug] GET    /api/v1/auth/session      --> service-datahub/handlers.(*LoginHandler).GetSession-fm (4 handlers)
2026-10-01T14:59:51: [GIN-debug] GET    /api/v1/configs           --> service-datahub/handlers.(*ConfigHandler).GetAllConfigs-fm (4 handlers)
2026-10-01T14:59:51: [GIN-debug] POST   /api/v1/configs           --> service-datahub/handlers.(*ConfigHandler).SaveConfig-fm (4 handlers)
2026-10-01T14:59:51: [GIN-debug] POST   /api/v1/configs/all       --> service-datahub/handlers.(*ConfigHandler).GetAllConfigs-fm (4 handlers)
2026-10-01T14:59:51: [GIN-debug] POST   /api/v1/configs/save      --> service-datahub/handlers.(*ConfigHandler).SaveConfig-fm (4 handlers)
2026-10-01T14:59:51: [GIN-debug] POST   /api/v1/configs/get       --> service-datahub/handlers.(*ConfigHandler).GetConfigByKey-fm (4 handlers)
2026-10-01T14:59:51: [GIN-debug] GET    /api/v1/configs/:key      --> service-datahub/handlers.(*ConfigHandler).GetConfigByKey-fm (4 handlers)
2026-10-01T14:59:51: [GIN-debug] DELETE /api/v1/configs/:key      --> service-datahub/handlers.(*ConfigHandler).DeleteConfig-fm (4 handlers)
2026-10-01T14:59:51: [GIN-debug] POST   /api/v1/configs/delete    --> service-datahub/handlers.(*ConfigHandler).DeleteConfig-fm (4 handlers)
2026-10-01T14:59:51: [GIN-debug] POST   /api/v1/datahub/proxy     --> service-datahub/handlers.(*LoginHandler).ProxyForward-fm (4 handlers)
2026-10-01T14:59:51: [GIN-debug] GET    /api/v1/datahub/logs      --> service-datahub/handlers.(*LoginHandler).GetLogs-fm (4 handlers)
2026-10-01T14:59:51: [GIN-debug] POST   /api/v1/datahub/logs      --> service-datahub/handlers.(*LoginHandler).GetLogs-fm (4 handlers)
2026-10-01T14:59:51: [GIN-debug] POST   /api/v1/factories         --> service-datahub/handlers.(*FactoryHandler).GetFactories-fm (4 handlers)
2026-10-01T14:59:51: [GIN-debug] GET    /api/v1/factories         --> service-datahub/handlers.(*FactoryHandler).GetFactories-fm (4 handlers)
2026-10-01T14:59:51: [GIN-debug] POST   /api/v1/work-process      --> service-datahub/handlers.(*WorkProcessHandler).GetWorkProcess-fm (4 handlers)
2026-10-01T14:59:51: [GIN-debug] POST   /api/v1/work-process/query --> service-datahub/handlers.(*WorkProcessHandler).GetWorkProcess-fm (4 handlers)
2026-10-01T14:59:51: [GIN-debug] POST   /api/v1/work-process/factories --> service-datahub/handlers.(*FactoryHandler).GetFactories-fm (4 handlers)
2026-10-01T14:59:51: [GIN-debug] POST   /api/v1/work-process/by-doc --> service-datahub/handlers.(*WorkProcessHandler).GetWorkProcessByDocNo-fm (4 handlers)
2026-10-01T14:59:51: [GIN-debug] GET    /api/v1/work-process      --> service-datahub/handlers.(*WorkProcessHandler).GetWorkProcessByQuery-fm (4 handlers)
2026-10-01T14:59:51: [GIN-debug] GET    /api/v1/work-process/factories --> service-datahub/handlers.(*FactoryHandler).GetFactories-fm (4 handlers)
2026-10-01T14:59:51: [GIN-debug] GET    /api/v1/work-process/:doc_no --> service-datahub/handlers.(*WorkProcessHandler).GetWorkProcessByDocNo-fm (4 handlers)
2026-10-01T14:59:51: [GIN-debug] POST   /api/v1/order-settlement  --> service-datahub/handlers.(*OrderSettlementHandler).GetOrderSettlement-fm (4 handlers)
2026-10-01T14:59:51: [GIN-debug] POST   /api/v1/order-settlement/query --> service-datahub/handlers.(*OrderSettlementHandler).GetOrderSettlement-fm (4 handlers)
2026-10-01T14:59:51: [GIN-debug] GET    /api/v1/order-settlement  --> service-datahub/handlers.(*OrderSettlementHandler).GetOrderSettlement-fm (4 handlers)
2026-10-01T14:59:51: [GIN-debug] POST   /api/v1/lenh-cong-doan    --> service-datahub/handlers.(*WorkProcessHandler).GetWorkProcess-fm (4 handlers)
2026-10-01T14:59:51: [GIN-debug] POST   /api/v1/lenh-cong-doan/query --> service-datahub/handlers.(*WorkProcessHandler).GetWorkProcess-fm (4 handlers)
2026-10-01T14:59:51: [GIN-debug] POST   /api/v1/lenh-cong-doan/factories --> service-datahub/handlers.(*FactoryHandler).GetFactories-fm (4 handlers)
2026-10-01T14:59:51: [GIN-debug] POST   /api/v1/lenh-cong-doan/by-doc --> service-datahub/handlers.(*WorkProcessHandler).GetWorkProcessByDocNo-fm (4 handlers)
2026-10-01T14:59:51: [GIN-debug] GET    /api/v1/lenh-cong-doan    --> service-datahub/handlers.(*WorkProcessHandler).GetWorkProcessByQuery-fm (4 handlers)
2026-10-01T14:59:51: [GIN-debug] GET    /api/v1/lenh-cong-doan/factories --> service-datahub/handlers.(*FactoryHandler).GetFactories-fm (4 handlers)
2026-10-01T14:59:51: [GIN-debug] GET    /api/v1/lenh-cong-doan/:doc_no --> service-datahub/handlers.(*WorkProcessHandler).GetWorkProcessByDocNo-fm (4 handlers)
2026-10-01T14:59:51: [GIN-debug] POST   /api/v1/quyet-toan-lenh   --> service-datahub/handlers.(*OrderSettlementHandler).GetOrderSettlement-fm (4 handlers)
2026-10-01T14:59:51: [GIN-debug] POST   /api/v1/quyet-toan-lenh/query --> service-datahub/handlers.(*OrderSettlementHandler).GetOrderSettlement-fm (4 handlers)
2026-10-01T14:59:51: [GIN-debug] GET    /api/v1/quyet-toan-lenh   --> service-datahub/handlers.(*OrderSettlementHandler).GetOrderSettlement-fm (4 handlers)
